Forename;Book;Character;Title;Surname
Addam;1;Ser Addam Marbrand;Ser;Marbrand
Aegon;1;King Aegon I Targaryen, The Conqueror/The Dragon;King;Targaryen
Aegon;1;King Aegon III Targaryen, Dragonbane/The Younger;King;Targaryen
Aegon;1;King Aegon V Targaryen, The Fortunate/The Unlikely;King;Targaryen
Aegon;1;Prince Aegon Targaryen, Son of Rhaegar Targaryen;Prince;Targaryen
Aegon;1;King Aegon II Targaryen, The Usurper;King;Targaryen
Aemon;1;Prince Aemon Targaryen, The Dragonknight;Prince;Targaryen
Aemon;1;Maester Aemon (Targaryen);Maester;
Aenys;1;Aenys Targaryen;;Targaryen
Aeron;1;Aeron Greyjoy, Damphair;;Greyjoy
Aerys;1;King Aerys II Targaryen, The Mad King;King;Targaryen
Aerys;1;King Aerys I Targaryen;King;Targaryen
Aethelmure;1;Grand Maester Aethelmure;Grand Maester;
Alannys;1;Lady Alannys Greyjoy (Harlaw);Lady;Greyjoy
Albar;1;Ser Albar Royce;Ser;Royce
Albett;1;Albett;;
Alerie;1;Lady Alerie Tyrell (Hightower);Lady;Tyrell
Alia;1;Alia, Of Braavos;;
Alliser;1;Ser Alliser Thorne;Ser;Thorne
Alyn;1;Alyn, Guard at Winterfell;;
Alyssa;1;Alyssa Arryn;;Arryn
Amory;1;Ser Amory Lorch;Ser;Lorch
Andar;1;Ser Andar Royce;Ser;Royce
Andros;1;Lord Andros Brax;Lord;Brax
Anguy;1;Anguy;;
Anya;1;Lady Anya Waynwood;Lady;Waynwood
Areo;1;Captain Areo Hotah;Captain;Hotah
Argilac;1;King Argilac Durrandon, The Arrogant;King;Durrandon
Arianne;1;Princess Arianne Martell;Princess;Martell
Aron;1;Ser Aron Santagar;Ser;Santagar
Arrec;1;King Arrec Durrandon, The Storm King;King;Durrandon
Arryk;1;Ser Arryk Cargyll;Ser;Cargyll
Arthur;1;Ser Arthur Dayne, Sword of the Morning;Ser;Dayne
Arwyn;1;Lady Arwyn Oakheart;Lady;Oakheart
Arya;1;Arya Stark;;Stark
Arys;1;Ser Arys Oakheart;Ser;Oakheart
Asha;1;Asha Greyjoy;;Greyjoy
Ashara;1;Lady Ashara Dayne;Lady;Dayne
Ayrmidon;1;Ayrmidon;;
Baelor;1;King Baelor I Targaryen, The Blessed;King;Targaryen
Balon;1;Lord Balon Greyjoy;Lord;Greyjoy
Balon;1;Ser Balon Swann;Ser;Swann
Barra;1;Barra;;
Barristan;1;Ser Barristan Selmy;Ser;Selmy
Bass;1;Bass;;
Benjen;1;Benjen Stark;;Stark
Beric;1;Lord Beric Dondarrion, The Lightning Lord;Lord;Dondarrion
Bessa;1;Bessa;;
Beth;1;Beth Cassel;;Cassel
Bethany;1;Bethany Rowan (Redwyne);;Rowan
Bharbo;1;Khal Bharbo;Khal;
Borcas;1;Borcas;;
Boros;1;Ser Boros Blount;Ser;Blount
Bowen;1;Bowen Marsh;;Marsh
Brandon;1;Brandon Stark, Bran;;Stark
Brandon;1;Brandon Stark, The Builder;;Stark
Brandon;1;Brandon Stark, Brother of Eddard;;Stark
Brandon;1;King Brandon Stark, The Shipwright;King;Stark
Brandon;1;King Brandon Stark, The Burner;King;Stark
Bronn;1;Bronn;;
Bryce;1;Lord Bryce Caron;Lord;Caron
Brynden;1;Ser Brynden Tully, Blackfish;Ser;Tully
Buu;1;Buu;;
Byan;1;Captain Byan Votyris;Captain;Votyris
Caleotte;1;Maester Caleotte;Maester;
Catelyn;1;Lady Catelyn Stark (Tully);Lady;Stark
Cayn;1;Cayn;;
Cellador;1;Septon Cellador;Septon;
Cerenna;1;Cerenna Lannister;;Lannister
Cersei;1;Queen Cersei Lannister;Queen;Lannister
Chataya;1;Chataya;;
Chayle;1;Septon Chayle;Septon;
Chella;1;Chella, Daughter of Cheyk;;
Chett;1;Chett;;
Chiggen;1;Chiggen;;
Clement;1;Lord Clement Piper;Lord;Piper
Cleos;1;Ser Cleos Frey;Ser;Frey
Clydas;1;Clydas;;
Cohollo;1;Ko Cohollo;Ko;
Colemon;1;Maester Colemon;Maester;
Conn;1;Conn, Son of Coratt;;
Coratt;1;Coratt;;
Cotter;1;Cotter Pyke;;Pyke
Cregan;1;Lord Cregan Stark;Lord;Stark
Creylen;1;Maester Creylen;Maester;
Cuger;1;Cuger;;
Dacey;1;Dacey Mormont;;Mormont
Dacks;1;Dacks;;
Daenerys;1;Princess Daenerys Targaryen, Stormborn;Princess;Targaryen
Daeron;1;Prince Daeron Targaryen, The Drunken;Prince;Targaryen
Daeron;1;King Daeron II Targaryen, The Good;King;Targaryen
Daeron;1;King Daeron I Targaryen, The Young Dragon/The Boy King;King;Targaryen
Daeryssa;1;Princess Daeryssa;Princess;
Danwell;1;Ser Danwell Frey;Ser;Frey
Dareon;1;Dareon;;
Darlessa;1;Darlessa Marbrand;;Marbrand
Daryn;1;Daryn Hornwood;;Hornwood
Daven;1;Ser Daven Lannister;Ser;Lannister
Denys;1;Ser Denys Mallister;Ser;Mallister
Desmera;1;Desmera Redwyne;;Redwyne
Desmond;1;Desmond;;
Desmond;1;Ser Desmond Grell;Ser;Grell
Dickon;1;Dickon Tarly;;Tarly
Dolf;1;Dolf;;
Donal;1;Donal Noye;;Noye
Donnel;1;Ser Donnel Waynwood;Ser;Waynwood
Donnis;1;Donnis;;
Dontos;1;Ser Dontos Hollard;Ser;Hollard
Doran;1;Prince Doran Martell;Prince;Martell
Doreah;1;Doreah;;
Dorna;1;Dorna Lannister (Swyft);;Lannister
Drogo;1;Khal Drogo;Khal;
Dywen;1;Dywen;;
Eddard;1;Lord Eddard Stark;Lord;Stark
Eddard;1;Eddard Karstark;;Karstark
Edmure;1;Ser Edmure Tully;Ser;Tully
Edmyn;1;Edmyn Tully;;Tully
Edric;1;Lord Edric Dayne, Ned;Lord;Dayne
Elia;1;Princess Elia Martell;Princess;Martell
Elmar;1;Elmar Frey;;Frey
Emmon;1;Ser Emmon Frey;Ser;Frey
Endrew;1;Ser Endrew Tarth;Ser;Tarth
Eon;1;Lord Eon Hunter;Lord;Hunter
Eroeh;1;Eroeh;;
Erryk;1;Ser Erryk Cargyll;Ser;Cargyll
Ethan;1;Ethan Glover;;Glover
Euron;1;Euron Greyjoy, Crow's Eye;;Greyjoy
Farlen;1;Farlen;;
Flement;1;Ser Flement Brax;Ser;Brax
Florian;1;Ser Florian, The Fool;Ser;
Fogo;1;Khalakka Fogo;Khalakka;
Forley;1;Ser Forley Prester;Ser;Prester
Gage;1;Gage;;
Galbart;1;Lord Galbart Glover;Lord;Glover
Gared;1;Gared;;
Garlan;1;Ser Garlan Tyrell, The Gallant;Ser;Tyrell
Garrett;1;Garrett Flowers;;Flowers
Garse;1;Garse Flowers;;Flowers
Garth;1;Ser Garth Greenfield;Ser;Greenfield
Garth;1;King Garth Gardener, Greenhand;King;Gardener
Garth;1;Garth Tyrell, The Gross;;Tyrell
Gawen;1;Lord Gawen Westerling;Lord;Westerling
Gendry;1;Gendry;;
Genna;1;Genna Frey (Lannister);;Frey
Gerion;1;Gerion Lannister, Gery;;Lannister
Gerold;1;Ser Gerold Hightower, The White Bull;Ser;Hightower
Gladden;1;Ser Gladden Wylde;Ser;Wylde
Godwyn;1;Godwyn;;
Gormon;1;Maester Gormon (Tyrell);Maester;
Gowen;1;Gowen Baratheon;;Baratheon
Gregor;1;Ser Gregor Clegane, The Mountain that Rides;Ser;Clegane
Grenn;1;Grenn, Aurochs;;
Gueren;1;Gueren;;
Gunthor;1;Gunthor, Son of Gurn;;
Gurn;1;Gurn;;
Gyles;1;Lord Gyles Rosby;Lord;Rosby
Haggo;1;Haggo;;
Hake;1;Hake;;
Halder;1;Halder, Stone Head;;
Hali;1;Hali;;
Hallis;1;Hallis Mollen;;Mollen
Halys;1;Lord Halys Hornwood;Lord;Hornwood
Harlen;1;Lord Harlen Tyrell;Lord;Tyrell
Harren;1;King Harren Hoare, The Black;King;Hoare
Harrion;1;Harrion Karstark;;Karstark
Harwin;1;Harwin;;
Harwyn;1;King Harwyn Hoare, Hardhand;King;Hoare
Harys;1;Ser Harys Swyft;Ser;Swyft
Helman;1;Ser Helman Tallhart;Ser;Tallhart
Heward;1;Heward;;
Hobb;1;Hobb, Three-finger;;
Hobber;1;Ser Hobber Redwyne, Slobber;Ser;Redwyne
Horas;1;Ser Horas Redwyne, Horror;Ser;Redwyne
Hosteen;1;Ser Hosteen Frey;Ser;Frey
Hoster;1;Lord Hoster Tully;Lord;Tully
Howland;1;Lord Howland Reed;Lord;Reed
Hugh;1;Ser Hugh, Of the Vale;Ser;
Hullen;1;Hullen;;
Illyrio;1;Magister Illyrio Mopatis;Magister;Mopatis
Ilyn;1;Ser Ilyn Payne;Ser;Payne
Irri;1;Irri;;
Jacks;1;Jacks;;
Jaehaerys;1;King Jaehaerys II Targaryen;King;Targaryen
Jaehaerys;1;King Jaehaerys I Targaryen, The Old King/The Conciliator;King;Targaryen
Jafer;1;Jafer Flowers;;Flowers
Jaggot;1;Jaggot;;
Jaime;1;Ser Jaime Lannister, Kingslayer;Ser;Lannister
Jalabhar;1;Jalabhar Xho;;Xho
Janei;1;Janei Lannister;;Lannister
Janna;1;Lady Janna Fossoway (Tyrell);Lady;Fossoway
Janos;1;Janos Slynt;;Slynt
Jared;1;Ser Jared Frey;Ser;Frey
Jaremy;1;Ser Jaremy Rykker;Ser;Rykker
Jason;1;Lord Jason Mallister;Lord;Mallister
Jeor;1;Lord Commander Jeor Mormont, The Old Bear;Lord Commander;Mormont
Jeren;1;Jeren;;
Jeyne;1;Jeyne Poole;;Poole
Jeyne;1;Lady Jeyne Arryn (Royce);Lady;Arryn
Jhaqo;1;Ko Jhaqo;Ko;
Jhiqui;1;Jhiqui;;
Jhogo;1;Jhogo;;
Joanna;1;Lady Joanna Lannister;Lady;Lannister
Joffrey;1;Prince Joffrey Baratheon;Prince;Baratheon
Jommo;1;Khal Jommo;Khal;
Jon;1;Jon Snow;;Snow
Jon;1;Lord Jon Arryn;Lord;Arryn
Jon;1;Lord Jon Umber, Greatjon;Lord;Umber
Jon;1;Jon Umber, Smalljon;;Umber
Jon;1;King Jon Stark;King;Stark
Jon;1;Ser Jon Fossoway;Ser;Fossoway
Jonos;1;Lord Jonos Bracken;Lord;Bracken
Jonquil;1;Jonquil;;
Jorah;1;Ser Jorah Mormont;Ser;Mormont
Jory;1;Jory Cassel;;Cassel
Joseth;1;Joseth;;
Joss;1;Joss;;
Joy;1;Joy Hill;;Hill
Jyck;1;Jyck;;
Karyl;1;Ser Karyl Vance;Ser;Vance
Ketter;1;Ketter;;
Kevan;1;Ser Kevan Lannister;Ser;Lannister
Kurleket;1;Kurleket;;
Kyra;1;Kyra;;
Lancel;1;Lancel Lannister;;Lannister
Lann;1;Lann, The Clever;;
Leo;1;Lord Leo Lefford;Lord;Lefford
Lew;1;Lew;;
Lewyn;1;Prince Lewyn Martell;Prince;Martell
Lewys;1;Lord Lewys Lydden;Lord;Lydden
Leyton;1;Lord Leyton Hightower;Lord;Hightower
Lharys;1;Lharys;;
Lomys;1;Maester Lomys;Maester;
Loras;1;Ser Loras Tyrell, Knight of Flowers;Ser;Tyrell
Loren;1;King Loren, Of the Rock;King;
Lothar;1;Lord Lothar Mallery;Lord;Mallery
Lothor;1;Lothor Brune;;Brune
Luwin;1;Maester Luwin;Maester;
Lyanna;1;Lyanna Stark;;Stark
Lyn;1;Ser Lyn Corbray;Ser;Corbray
Lysa;1;Lady Lysa Arryn (Tully);Lady;Arryn
Mace;1;Lord Mace Tyrell;Lord;Tyrell
Maege;1;Lady Maege Mormont;Lady;Mormont
Maegor;1;King Maegor I Targaryen, The Cruel;King;Targaryen
Maekar;1;King Maekar I Targaryen;King;Targaryen
Mago;1;Mago;;
Malleon;1;Grand Maester Malleon;Grand Maester;
Mallor;1;Mallor, The Dornishman;;
Mance;1;King Mance Rayder, King-Beyond-the-Wall;King;Rayder
Mandon;1;Ser Mandon Moore;Ser;Moore
Margaery;1;Lady Margaery Tyrell;Lady;Tyrell
Marillion;1;Marillion;;
Mark;1;Ser Mark Ryswell;Ser;Ryswell
Maron;1;Maron Greyjoy;;Greyjoy
Marq;1;Ser Marq Piper;Ser;Piper
Martyn;1;Martyn Rivers;;Rivers
Martyn;1;Martyn Cassel;;Cassel
Martyn;1;Martyn Lannister;;Lannister
Marwyn;1;Archmaester Marwyn;Archmaester;
Masha;1;Masha Heddle;;Heddle
Mathis;1;Lord Mathis Rowan;Lord;Rowan
Matthar;1;Matthar, Ser Loon;;
Medger;1;Lord Medger Cerwyn;Lord;Cerwyn
Mellario;1;Lady Mellario Martell, of Norvos;Lady;Martell
Mern;1;King Mern, Of the Reach;King;
Mikken;1;Mikken;;
Mina;1;Lady Mina Redwyne (Tyrell);Lady;Redwyne
Minisa;1;Lady Minisa Tully (Whent);Lady;Tully
Mirri;1;Mirri Maz Duur;;Maz Duur
Mohor;1;Mohor;;
Moon Boy;1;Moon Boy;;
Mord;1;Mord;;
Mordane;1;Septa Mordane;Septa;
Moreo;1;Captain Moreo Tumitis;Captain;Tumitis
Morgil;1;Ser Morgil;Ser;
Moro;1;Khal Moro;Khal;
Morrec;1;Morrec;;
Mors;1;Lord Mors Martell;Lord;Martell
Morton;1;Ser Morton Waynwood;Ser;Waynwood
Moryn;1;Ser Moryn Tyrell;Ser;Tyrell
Mya;1;Mya Stone;;Stone
Mycah;1;Mycah;;
Mychel;1;Mychel Redfort;;Redfort
Myrcella;1;Princess Myrcella Baratheon;Princess;Baratheon
Myriah;1;Princess Myriah Martell;Princess;Martell
Myrielle;1;Myrielle Lannister;;Lannister
Naerys;1;Queen Naerys Targaryen;Queen;Targaryen
Nan;1;Nan, Old Nan;;
Nestor;1;Lord Nestor Royce;Lord;Royce
Nymeria;1;Queen Nymeria;Queen;
Oberyn;1;Prince Oberyn Martell;Prince;Martell
Ogo;1;Khal Ogo;Khal;
Olenna;1;Lady Olenna Tyrell (Redwyne), Queen of Thorns;Lady;Tyrell
Olyvar;1;Olyvar Frey;;Frey
Orys;1;Lord Orys Baratheon;Lord;Baratheon
Osha;1;Osha;;
Oswell;1;Ser Oswell Whent;Ser;Whent
Othell;1;Othell Yarwyck;;Yarwyck
Othor;1;Othor;;
Pate;1;Pate, Of the Night's Watch;;
Patrek;1;Patrek Mallister;;Mallister
Paxter;1;Lord Paxter Redwyne;Lord;Redwyne
Perwyn;1;Ser Perwyn Frey;Ser;Frey
Petyr;1;Lord Petyr Baelish, Littlefinger;Lord;Baelish
Podrick;1;Podrick Payne;;Payne
Pono;1;Ko Pono;Ko;
Porther;1;Porther;;
Preston;1;Ser Preston Greenfield;Ser;Greenfield
Pycelle;1;Grand Maester Pycelle;Grand Maester;
Pypar;1;Pypar, Pyp;;
Qhored;1;King Qhored Hoare;King;Hoare
Qhorin;1;Qhorin, Halfhand;;
Qos;1;Captain Qos;Captain;
Qotho;1;Qotho;;
Quaro;1;Quaro;;
Quent;1;Quent;;
Quenten;1;Lord Quenten Banefort;Lord;Banefort
Quentyn;1;Prince Quentyn Martell;Prince;Martell
Rakharo;1;Rakharo;;
Randyll;1;Lord Randyll Tarly;Lord;Tarly
Rast;1;Rast;;
Raymun;1;Lord Raymun Darry;Lord;Darry
Regenard;1;Lord Regenard Estren;Lord;Estren
Renly;1;Renly Baratheon;;Baratheon
Rhaegar;1;Prince Rhaegar Targaryen;Prince;Targaryen
Rhaella;1;Queen Rhaella Targaryen, Wife of Aerys II;Queen;Targaryen
Rhaenyra;1;Rhaenyra Targaryen;;Targaryen
Rhaenys;1;Princess Rhaenys Targaryen, Rhaegar's daughter;Princess;Targaryen
Rhaenys;1;Rhaenys Targaryen, Wife of Aegon I;;Targaryen
Rhogoro;1;Rhogoro;;
Rickard;1;Lord Rickard Stark;Lord;Stark
Rickard;1;Lord Rickard Karstark;Lord;Karstark
Rickard;1;King Rickard Stark;King;Stark
Rickon;1;Rickon Stark;;Stark
Robar;1;Ser Robar Royce;Ser;Royce
Robb;1;Robb Stark;;Stark
Robert;1;King Robert Baratheon;King;Baratheon
Robett;1;Robett Glover;;Glover
Robin;1;Lord Robin Flint;Lord;Flint
Robin;1;Robin Ryger;;Ryger
Rodrik;1;Ser Rodrik Cassel;Ser;Cassel
Rodrik;1;King Rodrik Stark;King;Stark
Rodrik;1;Rodrik Greyjoy;;Greyjoy
Roland;1;Lord Roland Crakehall;Lord;Crakehall
Roose;1;Lord Roose Bolton;Lord;Bolton
Rowena;1;Lady Rowena Arryn;Lady;Arryn
Rudge;1;Rudge;;
Ryam;1;Ser Ryam Redwyne;Ser;Redwyne
Ryger;1;Ryger Rivers;;Rivers
Samwell;1;Samwell Tarly;;Tarly
Sandor;1;Sandor Clegane, The Hound;;Clegane
Sansa;1;Sansa Stark;;Stark
Selyse;1;Lady Selyse Baratheon (Florent);Lady;Baratheon
Serwyn;1;Ser Serwyn, Of the Mirror Shield;Ser;
Shae;1;Shae;;
Shagga;1;Shagga, Son of Dolf;;
Shella;1;Lady Shella Whent;Lady;Whent
Shella;1;Lady Shella;Lady;
Shireen;1;Lady Shireen Baratheon;Lady;Baratheon
Stafford;1;Ser Stafford Lannister;Ser;Lannister
Stannis;1;Stannis Baratheon;;Baratheon
Stevron;1;Ser Stevron Frey;Ser;Frey
Stiv;1;Stiv;;
Symeon;1;Symeon, Star-Eyes;;
Syrio;1;Syrio Forel;;Forel
Tanda;1;Lady Tanda Stokeworth;Lady;Stokeworth
Theo;1;Ser Theo Frey;Ser;Frey
Theo;1;Theo Wull;;Wull
Theon;1;Theon Greyjoy;;Greyjoy
Theon;1;King Theon Stark;King;Stark
Thoros;1;Thoros, Of Myr;;
Timett;1;Timett, Son of Timett;;
Timett;1;Timett;;
Tion;1;Tion Frey;;Frey
Tobho;1;Tobho Mott;;Mott
Todder;1;Todder, Toad;;
Tomard;1;Tomard, Fat Tom;;
Tommen;1;Prince Tommen Baratheon;Prince;Baratheon
Torrek;1;Torrek;;
Torrhen;1;Torrhen Karstark;;Karstark
Torrhen;1;King Torrhen Stark, The King who Knelt;King;Stark
Tregar;1;Tregar;;
Trystane;1;Prince Trystane Martell;Prince;Martell
Tya;1;Tya Lannister;;Lannister
Tygett;1;Ser Tygett Lannister, Tyg;Ser;Lannister
Tyrek;1;Tyrek Lannister;;Lannister
Tyrion;1;Tyrion Lannister, The Imp;;Lannister
Tytos;1;Lord Tytos Lannister;Lord;Lannister
Tytos;1;Lord Tytos Blackwood;Lord;Blackwood
Tytos;1;Ser Tytos Brax;Ser;Brax
Tywin;1;Lord Tywin Lannister;Lord;Lannister
Ulf;1;Ulf, Son of Umar;;
Umar;1;Umar;;
Urron;1;King Urron Greyiron, Redhand;King;Greyiron
Utherydes;1;Utherydes Wayn;;Wayn
Vardis;1;Ser Vardis Egen;Ser;Egen
Vargo;1;Vargo Hoat;;Hoat
Varly;1;Varly;;
Varys;1;Varys, The Spider;;
Vayon;1;Vayon Poole;;Poole
Vickon;1;Lord Vickon Greyjoy;Lord;Greyjoy
Victarion;1;Victarion Greyjoy;;Greyjoy
Visenya;1;Visenya Targaryen, Wife of Aegon I;;Targaryen
Viserys;1;Prince Viserys Targaryen, The Beggar King;Prince;Targaryen
Viserys;1;King Viserys I Targaryen;King;Targaryen
Viserys;1;King Viserys II Targaryen;King;Targaryen
Vortimer;1;Ser Vortimer Crane;Ser;Crane
Vyman;1;Maester Vyman;Maester;
Walder;1;Walder, Hodor;;
Walder;1;Lord Walder Frey, The Late Lord Frey;Lord;Frey
Wallen;1;Wallen;;
Waymar;1;Ser Waymar Royce;Ser;Royce
Wayn;1;Wayn;;
Wendel;1;Ser Wendel Manderly;Ser;Manderly
Will;1;Will;;
Willam;1;Lord Willam Dustin;Lord;Dustin
Willas;1;Willas Tyrell;;Tyrell
Willem;1;Ser Willem Darry;Ser;Darry
Willem;1;Willem Lannister;;Lannister
Willis;1;Ser Willis Wode;Ser;Wode
Wyl;1;Wyl;;
Wylis;1;Ser Wylis Manderly;Ser;Manderly
Wylla;1;Wylla;;
Wyman;1;Lord Wyman Manderly;Lord;Manderly
Yohn;1;Lord Yohn Royce, Bronze Yohn;Lord;Royce
Yoren;1;Yoren;;
Aegon;2;Aegon Frey, Jinglebell;;Frey
Aegon;2;Aegon Frey, Son of Aenys, Bloodborn;;Frey
Aemon;2;Ser Aemon Estermont;Ser;Estermont
Aemon;2;Ser Aemon Rivers;Ser;Rivers
Aenys;2;Ser Aenys Frey;Ser;Frey
Aerion;2;Prince Aerion Targaryen, Brightflame/Aerion the Monstrous;Prince;Targaryen
Aggar;2;Aggar;;
Aladale;2;Ser Aladale Wynch;Ser;Wynch
Alayaya;2;Alayaya;;
Alebelly;2;Alebelly;;
Alekyne;2;Alekyne Florent;;Florent
Alesander;2;Alesander Frey;;Frey
Alester;2;Lord Alester Florent;Lord;Florent
Alester;2;Alester Norcross;;Norcross
Alfyn;2;Alfyn, Crowkiller;;
Allar;2;Allar Deem;;Deem
Allard;2;Allard Seaworth;;Seaworth
Alyn;2;Ser Alyn Stackspear;Ser;Stackspear
Alyn;2;Ser Alyn Estermont;Ser;Estermont
Alyn;2;Alyn Haigh;;Haigh
Alyn;2;Alyn Frey;;Frey
Alys;2;Alys Frey;;Frey
Alyssa;2;Lady Alyssa Frey (Blackwood);Lady;Frey
Alyx;2;Alyx Frey;;Frey
Amabel;2;Goodwife Amabel;Goodwife;
Amarei;2;Lady Amarei Frey (Crakehall);Lady;Frey
Amerei;2;Amerei Frey, Gatehouse Ami;;Frey
Andrew;2;Ser Andrew Estermont;Ser;Estermont
Andrik;2;Andrik, The Unsmiling;;
Androw;2;Androw Frey;;Frey
Annara;2;Lady Annara Frey (Farring);Lady;Frey
Antario;2;Lord Antario Jast;Lord;Jast
Ardrian;2;Lord Ardrian Celtigar;Lord;Celtigar
Arneld;2;Ser Arneld;Ser;
Arnell;2;Ser Arnell;Ser;
Artos;2;Artos Stark, The Implacable;;Stark
Arwood;2;Ser Arwood Frey;Ser;Frey
Arwyn;2;Arwyn Frey;;Frey
Aurane;2;Aurane Waters, Bastard of Driftmark;;Waters
Axell;2;Ser Axell Florent;Ser;Florent
Azor Ahai;2;Azor Ahai;;
Bael;2;King Bael, The Bard;King;
Baelor;2;Lord Baelor Blacktyde;Lord;Blacktyde
Ballabar;2;Maester Ballabar;Maester;
Bandy;2;Bandy;;
Barre;2;Septon Barre;Septon;
Barth;2;Lord Barth Stark;Lord;Stark
Bedwyck;2;Bedwyck, Giant;;
Bellena;2;Bellena Frey (Hawick);;Frey
Belwas;2;Belwas, Strong Belwas;;
Ben;2;Ben, Blackthumb;;
Benfred;2;Benfred Tallhart;;Tallhart
Benfrey;2;Ser Benfrey Frey;Ser;Frey
Benjen;2;King Benjen Stark, The Sweet;King;Stark
Benjen;2;King Benjen Stark, The Bitter;King;Stark
Beony;2;Beony Frey (Beesbury);;Frey
Beren;2;Beren Tallhart;;Tallhart
Berena;2;Berena Tallhart (Hornwood);;Tallhart
Bernarr;2;Bernarr, Brown Bernarr;;
Beron;2;Lord Beron Stark;Lord;Stark
Bethany;2;Lady Bethany Frey (Rosby);Lady;Frey
Betharios;2;Betharios Frey, Of Braavos;;Frey
Biter;2;Biter;;
Bluetooth;2;Bluetooth;;
Bonifer;2;Ser Bonifer Hasty, The Good;Ser;Hasty
Bradamar;2;Bradamar Frey;;Frey
Brandon;2;Lord Brandon Stark, The Daughterless;Lord;Stark
Brandon;2;King Brandon Stark, The Bad;King;Stark
Brandon;2;Brandon Tallhart;;Tallhart
Brienne;2;Brienne Tarth, The Beauty/The Blue/Of Tarth;;Tarth
Bryan;2;Ser Bryan Fossoway;Ser;Fossoway
Bryan;2;Bryan Frey;;Frey
Bryen;2;Bryen Farring;;Farring
Burton;2;Ser Burton Crakehall;Ser;Crakehall
Butterbumps;2;Butterbumps;;
Cadwyl;2;Cadwyl;;
Cadwyn;2;Ser Cadwyn;Ser;
Calon;2;Calon;;
Calor;2;Calor;;
Carolei;2;Carolei Frey (Waynwood);;Frey
Cassana;2;Lady Cassana Baratheon (Estermont);Lady;Baratheon
Cersei;2;Cersei Frey, Little Bee;;Frey
Chiswyck;2;Chiswyck;;
Cley;2;Cley Cerwyn;;Cerwyn
Colen;2;Ser Colen, Of Greenpools;Ser;
Colin;2;Ser Colin Florent;Ser;Florent
Colmar;2;Colmar Frey;;Frey
Conwy;2;Conwy;;
Corenna;2;Lady Corenna Frey (Swann);Lady;Frey
Cortnay;2;Ser Cortnay Penrose;Ser;Penrose
Craster;2;Craster;;
Crawn;2;Crawn, Son of Calor;;
Cressen;2;Maester Cressen;Maester;
Cugen;2;Cugen;;
Cutjack;2;Cutjack;;
Cynthea;2;Cynthea Frey;;Frey
Cyrenna;2;Lady Cyrenna Frey (Swann);Lady;Frey
Dafyn;2;Ser Dafyn Vance;Ser;Vance
Dagmer;2;Dagmer, Cleftjaw;;
Dalbridge;2;Dalbridge, Squire Dalbridge;;
Dale;2;Dale Seaworth;;Seaworth
Dalla;2;Dalla;;
Damon;2;Ser Damon Vypren;Ser;Vypren
Damon;2;Ser Damon Paege;Ser;Paege
Dancy;2;Dancy;;
Davos;2;Ser Davos Seaworth, The Onion Knight;Ser;Seaworth
Deana;2;Deana Frey (Hardyng);;Frey
Delena;2;Delena Norcross (Florent);;Norcross
Della;2;Della Frey, Deaf Della;;Frey
Delp;2;Delp;;
Dermot;2;Ser Dermot, Of the Rainwood;Ser;
Devan;2;Devan Seaworth;;Seaworth
Dickon;2;Dickon Frey;;Frey
Dobber;2;Dobber;;
Domeric;2;Domeric Bolton;;Bolton
Donella;2;Lady Donella Hornwood;Lady;Hornwood
Donnel;2;Ser Donnel Locke;Ser;Locke
Donnel;2;Ser Donnel Swann;Ser;Swann
Donnel;2;Ser Donnel Haigh;Ser;Haigh
Donnor;2;Lord Donnor Stark;Lord;Stark
Donnor;2;Lord Donnor Saltcliffe;Lord;Saltcliffe
Dorren;2;King Dorren Stark;King;Stark
Drennan;2;Drennan;;
Dunaver;2;Ser Dunaver;Ser;
Dunsen;2;Dunsen;;
Dunstan;2;Lord Dunstan Drumm;Lord;Drumm
Duram;2;Lord Duram Bar Emmon;Lord;Bar Emmon
Durran;2;King Durran Godsgrief;King;Godsgrief
Dykk;2;Dykk Harlaw;;Harlaw
Ebben;2;Ebben;;
Eddara;2;Eddara Tallhart;;Tallhart
Edderion;2;King Edderion Stark, The Bridegroom;King;Stark
Eddison;2;Eddison Tollett, Dolorous Edd;;Tollett
Edric;2;Edric Storm;;Storm
Edrick;2;King Edrick Stark, Snowbeard;King;Stark
Edwyd;2;Ser Edwyd Fossoway;Ser;Fossoway
Edwyle;2;Lord Edwyle Stark;Lord;Stark
Edwyn;2;King Edwyn Stark, The Spring King;King;Stark
Edwyn;2;Edwyn Frey;;Frey
Eggon;2;Eggon;;
Egon;2;Egon Emeros, The Exquisite;;Emeros
Elbert;2;Elbert Arryn;;Arryn
Eldiss;2;Eldiss;;
Eldon;2;Lord Eldon Estermont;Lord;Estermont
Elenei;2;Elenei;;
Elron;2;Elron;;
Elwood;2;Lord Elwood Meadows;Lord;Meadows
Elyana;2;Elyana Wylde (Vypren);;Wylde
Elyas;2;Elyas Willum;;Willum
Emberlei;2;Emberlei Frey;;Frey
Emmon;2;Ser Emmon Cuy, The Yellow;Ser;Cuy
Endehar;2;Endehar;;
Enger;2;Enger;;
Erena;2;Erena Glover;;Glover
Ermesande;2;Lady Ermesande Hayford;Lady;Hayford
Erren;2;Ser Erren Florent;Ser;Florent
Esgred;2;Esgred;;
Eyron;2;King Eyron Stark;King;Stark
Falyse;2;Falyse Stokeworth;;Stokeworth
Frenken;2;Maester Frenken;Maester;
Gawen;2;Ser Gawen Wylde;Ser;Wylde
Gawen;2;Gawen Glover;;Glover
Gendel;2;King Gendel;King;
Geremy;2;Ser Geremy Frey;Ser;Frey
Gerren;2;Gerren;;
Gevin;2;Gevin Harlaw;;Harlaw
Gilly;2;Gilly;;
Gorne;2;King Gorne;King;
Gorold;2;Lord Gorold Goodbrother;Lord;Goodbrother
Gulian;2;Lord Gulian Swann;Lord;Swann
Guncer;2;Lord Guncer Sunglass;Lord;Sunglass
Guyard;2;Ser Guyard Morrigen, The Green;Ser;Morrigen
Gynir;2;Gynir, Rednose;;
Hallyne;2;Wisdom Hallyne, The Pyromancer;Wisdom;
Halmon;2;Ser Halmon Paege;Ser;Paege
Harbert;2;Ser Harbert;Ser;
Harma;2;Harma, The Dogshead;;
Harra;2;Goodwife Harra;Goodwife;
Harrag;2;Harrag Sharp, Sheepstealer;;Sharp
Harys;2;Ser Harys Haigh;Ser;Haigh
Hayhead;2;Hayhead;;
Heke;2;Heke, Reek;;
Helya;2;Helya;;
Hendry;2;Hendry Bracken;;Bracken
Hod;2;Hod;;
Holger;2;Holger;;
Hosman;2;Ser Hosman Norcross;Ser;Norcross
Hoster;2;Hoster Frey;;Frey
Hot Pie;2;Hot Pie;;
Hother;2;Hother Umber, Whoresbane;;Umber
Hubard;2;Ser Hubard Rambton;Ser;Rambton
Igon;2;Captain Igon Vyrwel;Captain;Vyrwel
Imry;2;Ser Imry Florent;Ser;Florent
Ironbelly;2;Ironbelly;;
Jacelyn;2;Ser Jacelyn Bywater;Ser;Bywater
Jammos;2;Ser Jammos Frey;Ser;Frey
Janyce;2;Janyce Frey (Hunter);;Frey
Jaqen;2;Jaqen H'ghar;;H'ghar
Jarman;2;Jarman Buckwell;;Buckwell
Jeffory;2;Jeffory Mallister;;Mallister
Jeyne;2;Lady Jeyne Frey (Lydden);Lady;Frey
Jeyne;2;Jeyne Frey (Beesbury), Wife of Stevron;;Frey
Jeyne;2;Jeyne Goodbrook;;Goodbrook
Jeyne;2;Jeyne Rivers;;Rivers
Jodge;2;Jodge;;
Jojen;2;Jojen Reed;;Reed
Jommy;2;Jommy;;
Jon;2;Jon Wylde;;Wylde
Jon;2;Jon Brax;;Brax
Jonnel;2;Lord Jonnel Stark;Lord;Stark
Jonos;2;King Jonos Stark;King;Stark
Jonos;2;Jonos Frey;;Frey
Jorah;2;King Jorah Stark;King;Stark
Joramun;2;Joramun;;
Josmyn;2;Josmyn Peckledon, Peck;;Peckledon
Joss;2;Joss Stilwood;;Stilwood
Josua;2;Josua Willum;;Willum
Joyeuse;2;Lady Joyeuse Frey (Erenford);Lady;Frey
Jurne;2;Maester Jurne;Maester;
Jyanna;2;Jyanna Frey;;Frey
Kenned;2;Kenned, The Whale;;
Koss;2;Koss;;
Kromm;2;Kromm;;
Kurz;2;Kurz;;
Kyle;2;Kyle Royce;;Royce
Kym;2;Maester Kym;Maester;
Kyra;2;Kyra Goodbrook (Frey);;Goodbrook
Larence;2;Larence Snow;;Snow
Lark;2;Lark, The Sisterman;;
Layna;2;Layna;;
Leobald;2;Leobald Tallhart;;Tallhart
Leonella;2;Leonella Frey (Lefford);;Frey
Leslyn;2;Ser Leslyn Haigh;Ser;Haigh
Lew;2;Lew, Long Lew;;
Lollys;2;Lollys Stokeworth;;Stokeworth
Lomas;2;Ser Lomas Estermont;Ser;Estermont
Lommy;2;Lommy, Greenhands;;
Lorent;2;Lord Lorent Caswell;Lord;Caswell
Lorren;2;Lorren, Black Lorren;;
Lothar;2;Lothar Frey, Lame Lothar;;Frey
Lucan;2;Lucan;;
Lucas;2;Lucas Blackwood;;Blackwood
Luceon;2;Septon Luceon (Frey);Septon;
Lucias;2;Lucias Vypren;;Vypren
Lyessa;2;Lady Lyessa Flint;Lady;Flint
Lyman;2;Lyman Darry;;Darry
Lymond;2;Ser Lymond Vikary;Ser;Vikary
Lync;2;Lync;;
Lynesse;2;Lynesse Mormont (Hightower);;Mormont
Lyonel;2;Ser Lyonel;Ser;
Lythene;2;Lady Lythene Vypren (Frey);Lady;Vypren
Maegelle;2;Maegelle Vance (Frey);;Vance
Malcolm;2;Ser Malcolm;Ser;
Mallador;2;Ser Mallador Locke;Ser;Locke
Malliard;2;Malliard;;
Malwyn;2;Malwyn Frey;;Frey
Marei;2;Marei;;
Marianne;2;Marianne Vance;;Vance
Maric;2;Maric Seaworth;;Seaworth
Marissa;2;Marissa Frey;;Frey
Mariya;2;Lady Mariya Frey (Darry);Lady;Frey
Mark;2;Ser Mark Mullendore;Ser;Mullendore
Maron;2;Maron Botley, Old Botley/Fishwhiskers;;Botley
Marsella;2;Marsella Frey (Waynwood);;Frey
Marwyn;2;Ser Marwyn Belmore;Ser;Belmore
Marya;2;Marya Seaworth;;Seaworth
Mathis;2;Mathis Frey;;Frey
Mathos;2;Mathos Mallarawan;;Mallarawan
Matrice;2;Matrice;;
Matthos;2;Matthos Seaworth;;Seaworth
Mebble;2;Mebble, Pinkeye;;
Meera;2;Meera Reed;;Reed
Melara;2;Lady Melara Florent (Crane);Lady;Florent
Meldred;2;Lord Meldred Merlyn, The Merlyn;Lord;Merlyn
Melesa;2;Melesa Frey (Crakehall);;Frey
Melessa;2;Lady Melessa Tarly (Florent);Lady;Tarly
Melisandre;2;Melisandre, Of Asshai/Melony;;
Mellara;2;Mellara Rivers;;Rivers
Melwys;2;Maester Melwys (Rivers);Maester;
Merianne;2;Merianne Frey, Merry;;Frey
Merrell;2;Merrell Florent;;Florent
Merrett;2;Merrett Frey;;Frey
Monford;2;Lord Monford Velaryon;Lord;Velaryon
Morosh;2;Morosh, The Myrman;;
Morros;2;Morros Slynt;;Slynt
Mors;2;Mors Umber, Crowfood;;Umber
Morya;2;Lady Morya Brax (Frey);Lady;Brax
Munciter;2;Munciter;;
Murch;2;Murch;;
Mylenda;2;Mylenda Frey (Caron);;Frey
Myles;2;Myles;;
Myranda;2;Myranda Royce, Randa;;Royce
Nella;2;Nella;;
Nissa Nissa;2;Nissa Nissa;;
Norne;2;Lord Norne Goodbrother;Lord;Goodbrother
Omer;2;Maester Omer;Maester;
Ondrew;2;Lord Ondrew Locke;Lord;Locke
Oro;2;Oro Tendyris;;Tendyris
Osfryd;2;Osfryd Kettleblack;;Kettleblack
Osmund;2;Ser Osmund Kettleblack;Ser;Kettleblack
Osmund;2;Osmund Frey;;Frey
Osmynd;2;Septon Osmynd;Septon;
Osney;2;Osney Kettleblack;;Kettleblack
Otter;2;Otter Gimpknee;;Gimpknee
Ottyn;2;Ser Ottyn Wythers;Ser;Wythers
Palla;2;Palla, The kennel girl;;
Parmen;2;Ser Parmen Crane, The Purple;Ser;Crane
Patchface;2;Patchface;;
Pate;2;Ser Pate, Of the Blue Fork, Of Sevenstreams;Ser;
Patrek;2;Patrek Vance;;Vance
Perra;2;Lady Perra Frey (Royce);Lady;Frey
Perra;2;Perra Frey, Daughter of Petyr;;Frey
Perriane;2;Perriane Haigh (Frey);;Haigh
Petyr;2;Petyr Frey, Petyr Pimple;;Frey
Philip;2;Ser Philip Foote;Ser;Foote
Pia;2;Pia, Pretty Pia;;
Pollitor;2;Wisdom Pollitor;Wisdom;
Poul;2;Poul Pemford;;Pemford
Poxy Tym;2;Poxy Tym;;
Praed;2;Praed;;
Pyat;2;Pyat Pree;;Pree
Pylos;2;Maester Pylos;Maester;
Qalen;2;Maester Qalen;Maester;
Qarl;2;Qarl, The Maid;;
Quaithe;2;Quaithe, Of the Shadow;;
Quhuru;2;Captain Quhuru Mo;Captain;Mo
Qyburn;2;Qyburn;;
Qyle;2;Qyle;;
Rafford;2;Rafford, Raff the Sweetling;;
Ragwyle;2;Ragwyle;;
Ramsay;2;Ramsay Snow, The Bastard of Bolton;;Snow
Rattleshirt;2;Rattleshirt;;
Raymun;2;King Raymun Redbeard;King;Redbeard
Raymund;2;Ser Raymund Frey;Ser;Frey
Redwyn;2;Redwyn;;
Renly;2;Renly Norcross;;Norcross
Rey;2;Rey;;
Reysen;2;Reysen;;
Rhaegar;2;Rhaegar Frey, Son of Aenys;;Frey
Rhea;2;Lady Rhea Hightower (Florent);Lady;Hightower
Rickard;2;Rickard Wylde;;Wylde
Robert;2;Ser Robert Brax, Brother of Flement;Ser;Brax
Robert;2;Robert Frey, Son of Rhaegar Frey;;Frey
Robert;2;Robert Frey;;Frey
Robert;2;Robert Brax, Son of Flement;;Brax
Rodrik;2;Lord Rodrik Harlaw, The Reader;Lord;Harlaw
Rodwell;2;Lord Rodwell Stark;Lord;Stark
Rolfe;2;Rolfe;;
Rolfe;2;Rolfe, Red Rolfe;;
Ronel;2;Ronel Rivers;;Rivers
Ronnet;2;Ser Ronnet Connington, Red Ronnet;Ser;Connington
Rorge;2;Rorge;;
Roslin;2;Roslin Frey;;Frey
Rossart;2;Lord Rossart;Lord;
Rupert;2;Ser Rupert Brax;Ser;Brax
Ryam;2;Ser Ryam Florent;Ser;Florent
Rycherd;2;Ser Rycherd Crane;Ser;Crane
Ryella;2;Ryella Frey (Royce);;Frey
Ryella;2;Ryella Frey, Daughter of Arwood;;Frey
Rylene;2;Rylene Crane (Florent);;Crane
Ryman;2;Ser Ryman Frey;Ser;Frey
Rymolf;2;Rymolf Stormdrunk;;Stormdrunk
Rymund;2;Rymund, The Rhymer;;
Saathos;2;Saathos, The Wise;;
Salladhor;2;Salladhor Saan;;Saan
Sallei;2;Sallei Frey (Paege);;Frey
Salloreon;2;Salloreon, Master Armorer;;
Sandor;2;Sandor Frey;;Frey
Sarra;2;Sarra Frey;;Frey
Sarya;2;Lady Sarya Frey (Whent);Lady;Frey
Sawane;2;Lord Sawane Botley;Lord;Botley
Selwyn;2;Lord Selwyn Tarth, The Evenstar;Lord;Tarth
Serra;2;Serra Frey;;Frey
Shadd;2;Shadd;;
Shagwell;2;Shagwell, The Fool;;
Shirei;2;Shirei Frey;;Frey
Shyra;2;Shyra;;
Shyra;2;Lady Shyra Errol;Lady;Errol
Sigrin;2;Sigrin, The Shipwright;;
Skittrick;2;Skittrick;;
Skyte;2;Skyte;;
Squint;2;Squint;;
Stannis;2;Stannis Seaworth;;Seaworth
Steffon;2;Lord Steffon Baratheon;Lord;Baratheon
Steffon;2;Lord Steffon Varner;Lord;Varner
Steffon;2;Steffon Seaworth;;Seaworth
Steffon;2;Steffon Frey, Son of Walton, The Sweet;;Frey
Stonesnake;2;Stonesnake;;
Stygg;2;Stygg;;
Sybassion;2;Sybassion, Eater of Eyes;;
Sybelle;2;Lady Sybelle Glover;Lady;Glover
Sylas;2;Sylas, Sourmouth;;
Sylwa;2;Sylwa Frey (Paege);;Frey
Symon;2;Symon, Silver Tongue;;
Symond;2;Symond Frey;;Frey
Tallad;2;Ser Tallad, The Tall;Ser;
Tanton;2;Ser Tanton Fossoway;Ser;Fossoway
Tarber;2;Tarber;;
The Tickler;2;The Tickler;;
Thoren;2;Thoren Smallwood;;Smallwood
Timon;2;Ser Timon, The Scrapesword;Ser;
Tobbot;2;Tobbot;;
Todric;2;Todric;;
TomToo;2;TomToo, Son of Tomard;;
Tothmure;2;Maester Tothmure;Maester;
Tregar;2;Tregar Ormollen;;Ormollen
Tuffleberry;2;Tuffleberry;;
Turnip;2;Turnip;;
Tyana;2;Tyana Frey (Wylde);;Frey
Tymor;2;Tymor;;
Tysane;2;Tysane Frey;;Frey
Tyta;2;Tyta Frey, The Maid;;Frey
Tytos;2;Ser Tytos Frey;Ser;Frey
Tywin;2;Tywin Frey, Son of Ser Cleos;;Frey
Uller;2;Uller;;
Urrathon;2;Urrathon, Night-walker;;
Urreg;2;Urreg;;
Urswyck;2;Urswyck, Faithful Urswyck;;
Urzen;2;Urzen;;
Utt;2;Septon Utt;Septon;
Vylarr;2;Captain Vylarr;Captain;
Walda;2;Walda Frey, Daughter of Edwyn;;Frey
Walda;2;Walda Frey, Daughter of Walton, Fair Walda;;Frey
Walda;2;Walda Frey, Daughter of Rhaegar Frey, White Walda;;Frey
Walda;2;Walda Frey, Fat Walda, Daughter of Merrett;;Frey
Walda;2;Walda Frey, Daughter of Lothar;;Frey
Walda;2;Walda Rivers;;Rivers
Walder;2;Walder Frey, Big Walder/Son of Jammos;;Frey
Walder;2;Walder Frey, Little Walder/Son of Merrett;;Frey
Walder;2;Walder Frey, Black Walder/Son of Ryman;;Frey
Walder;2;Walder Frey, Red Walder/Son of Emmon;;Frey
Walder;2;Walder Rivers, Bastard Walder;;Rivers
Walder;2;Walder Vance;;Vance
Walder;2;Walder Haigh;;Haigh
Walder;2;Walder Goodbrook;;Goodbrook
Walder;2;Walder Brax;;Brax
Waldon;2;Lord Waldon Wynch;Lord;Wynch
Walton;2;Walton, Steelshanks;;
Walton;2;King Walton Stark, The Moon King;King;Stark
Walton;2;Walton Frey, Son of Stevron;;Frey
Waltyr;2;Waltyr Frey, Tyr;;Frey
Wat;2;Wat, Whitesmile Wat;;
Weasel;2;Weasel;;
Weese;2;Weese;;
Wendamyr;2;Maester Wendamyr;Maester;
Wendel;2;Wendel Frey;;Frey
Wendello;2;Wendello Qar Deeth;;Qar Deeth
Werlag;2;Werlag;;
Wex;2;Wex Pyke;;Pyke
Whalen;2;Ser Whalen Frey;Ser;Frey
Willam;2;Lord Willam Stark;Lord;Stark
Willamen;2;Maester Willamen (Frey);Maester;
Willem;2;Willem Frey;;Frey
William;2;Lord William Mooton;Lord;Mooton
Willit;2;Willit;;
Woth;2;Woth;;
Wynafrei;2;Wynafrei Frey (Whent);;Frey
Xaro;2;Xaro Xhoan Daxos;;Xhoan Daxos
Ygritte;2;Ygritte;;
Zachery;2;Zachery Frey;;Frey
Zhoe;2;Zhoe Frey (Blanetree);;Frey
Zia;2;Zia Frey;;Frey
Aemon;3;Aemon Costayne;;Costayne
Aethan;3;Aethan;;
Alan;3;Alan, Of Rosby;;
Alaric;3;Alaric, Of Eysen;;
Alesander;3;Alesander Staedmon, Pennylover;;Staedmon
Alla;3;Alla Tyrell;;Tyrell
Allyria;3;Allyria Dayne;;Dayne
Alyce;3;Lady Alyce Graceford;Lady;Graceford
Alyce;3;Alyce;;
Alyn;3;Alyn Ambrose;;Ambrose
Alyn;3;Alyn, Red Alyn of the Rosewood;;
Alyn;3;Alyn Connington, Pale Griffin;;Connington
Alyn;3;Lord Alyn Orkwood, Orkwood of Orkmont;Lord;Orkwood
Alys;3;Alys Karstark;;Karstark
Alys;3;Lady Alys Beesbury;Lady;Beesbury
Alysanne;3;Lady Alysanne Bulwer;Lady;Bulwer
Alysanne;3;Queen Alysanne Targaryen, Good Queen Alysanne;Queen;Targaryen
Ambrose;3;Lord Ambrose Butterwell;Lord;Butterwell
Andahar;3;King Andahar, Old King Andahar;King;
Anders;3;Lord Anders Yronwood;Lord;Yronwood
Andrey;3;Ser Andrey Charlton;Ser;Charlton
Arron;3;Ser Arron Qorgyle;Ser;Qorgyle
Arron;3;Arron;;
Arryk;3;Arryk, Left/Right;;
Arson;3;Arson, Iceaxe;;
Arthur;3;Lord Arthur Ambrose;Lord;Ambrose
Baelor;3;Baelor Targaryen, Breakspear;;Targaryen
Baelor;3;Baelor Hightower, Breakwind;;Hightower
Balon;3;Lord Balon Tawney;Lord;Tawney
Bannen;3;Bannen;;
Barth;3;Septon Barth;Septon;
Becca;3;Becca, The Baker;;
Beck;3;Goodman Beck;Goodman;
Beldecar;3;Beldecar;;
Belis;3;Belis;;
Bella;3;Bella;;
Ben;3;Ben, Big Belly Ben;;
Ben;3;Ben Plumm, Brown Ben Plumm;;Plumm
Benedict;3;Ser Benedict Broom;Ser;Broom
Bernarr;3;Bernarr, Black Bernarr;;
Bertram;3;Ser Bertram Beesbury;Ser;Beesbury
Bessa;3;Bessa, Of Hag's Mire;;
Bessa;3;Bessa, The Barmaid;;
Bethany;3;Bethany, Fair-fingers;;
Big Boil;3;Big Boil;;
Bill;3;Bill, Muttering Bill;;
Blane;3;Blane;;
Bodger;3;Bodger;;
Brella;3;Brella;;
Brenett;3;Maester Brenett;Maester;
Bryen;3;Bryen;;
Byam;3;Ser Byam Flint;Ser;Flint
Cadwyle;3;Cadwyle;;
Carellen;3;Carellen Smallwood;;Smallwood
Cass;3;Cass;;
Cedrik;3;Cedrik Storm, Bastard of Bronzegate;;Storm
Cellador;3;Septon Cellador;Septon;
Cleon;3;King Cleon, The Butcher King;King;
Collio;3;Collio Quaynis;;Quaynis
Daario;3;Daario Naharis;;Naharis
Daemon;3;Daemon Blackfyre;;Blackfyre
Daemon;3;Ser Daemon Sand, Bastard of Godsgrace;Ser;Sand
Dagos;3;Lord Dagos Manwoody;Lord;Manwoody
Dalla;3;Dalla, Wife of Mance Rayder;;
Damion;3;Ser Damion Lannister;Ser;Lannister
Damon;3;Lord Damon Marbrand;Lord;Marbrand
Dan;3;Dan, Hempen Dan;;
Danny;3;Danny Flint;;Flint
Danos;3;Danos Slynt;;Slynt
Del;3;Del;;
Delonne;3;Lady Delonne Allyrion;Lady;Allyrion
Dennet;3;Dennet;;
Dennett;3;Dennett;;
Dennis;3;Dennis Plumm;;Plumm
Denys;3;Ser Denys Arryn;Ser;Arryn
Deziel;3;Ser Deziel Dalt, The Knight of Lemonwood;Ser;Dalt
Dick;3;Dick, Fletcher Dick;;
Dick;3;Dick, Beardless Dick;;
Dick;3;Dick Follard, Deaf Dick Follard;;Follard
Dickon;3;Dickon Manwoody;;Manwoody
Dilly;3;Dilly, Dornish Dilly;;
Dirk;3;Dirk;;
Donnel;3;Donnel Hill, Sweet Donnel;;Hill
Donyse;3;Septa Donyse;Septa;
Dorea;3;Dorea Sand;;Sand
Dormund;3;Dormund, Son of Tormund;;
Dryn;3;Dryn, Son of Tormund;;
Dudley;3;Ser Dudley;Ser;
Duncan;3;Ser Duncan, The Tall;Ser;
Duncan;3;Prince Duncan Targaryen, The Prince of Dragonflies;Prince;Targaryen
Dyah;3;Dyah;;
Easy;3;Easy;;
Eggen;3;Eggen;;
Elenya;3;Elenya Westerling;;Westerling
Elia;3;Elia Sand;;Sand
Elinor;3;Elinor Tyrell;;Tyrell
Ellaria;3;Ellaria Sand;;Sand
Ellery;3;Ser Ellery Vance;Ser;Vance
Elwood;3;Elwood;;
Elwood;3;Ser Elwood Harte;Ser;Harte
Elyn;3;Lady Elyn Tyrell (Norridge);Lady;Tyrell
Emmett;3;Emmett, Iron Emmett;;
Emrick;3;Emrick;;
Erreck;3;Maester Erreck;Maester;
Erreg;3;Erreg, The Kinslayer;;
Errok;3;Errok;;
Erryk;3;Erryk, Left/Right;;
Ferny;3;Ferny;;
Fornio;3;Fornio;;
Galyeon;3;Galyeon, Of Cuy;;
Garigus;3;Garigus;;
Garse;3;Ser Garse Goodbrook;Ser;Goodbrook
Garth;3;Garth, Of Oldtown;;
Garth;3;Garth, Of Greenaway;;
Garth;3;Garth, Greyfeather;;
Gerald;3;Ser Gerald Gower;Ser;Gower
Gerardys;3;Grand Maester Gerardys;Grand Maester;
Gergen;3;Gergen, Green Gergen;;
Ghael;3;Ghael;;
Gilbert;3;Ser Gilbert Farring;Ser;Farring
Glendon;3;Ser Glendon Hewett;Ser;Hewett
Goady;3;Goady;;
Grazdan;3;Grazdan mo Ullhor;;mo Ullhor
Grazdan;3;Grazdan, The Great;;
Grazdan;3;Grazdan, With a gold-fringed tokar;;
Grazdan;3;Grazdan, With a spiked beard;;
Grazdan;3;Grazdan mo Eraz;;mo Eraz
Grey Worm;3;Grey Worm;;
Grigg;3;Grigg, The Goat;;
Grisel;3;Grisel;;
Groleo;3;Captain Groleo;Captain;
Grubbs;3;Grubbs;;
Gwayne;3;Ser Gwayne Gaunt;Ser;Gaunt
Hal;3;Hal, The Hog;;
Hal;3;Hal, Hairy Hal;;
Hamish;3;Hamish, The Harper;;
Hareth;3;Grand Maester Hareth;Grand Maester;
Hareth;3;Hareth, Horse;;
Harlan;3;Ser Harlan Grandison;Ser;Grandison
Harmen;3;Lord Harmen Uller;Lord;Uller
Harmune;3;Maester Harmune;Maester;
Harsley;3;Harsley;;
Harwyn;3;Harwyn Plumm, Hardstone;;Plumm
Helly;3;Helly;;
Henk;3;Henk, The Helm;;
Henly;3;Henly, Young Henly;;
Henly;3;Henly, Old Henly;;
Hop-Robin;3;Hop-Robin;;
Horton;3;Lord Horton Redfort;Lord;Redfort
Hugh;3;Lord Hugh Grandison, Greybeard;Lord;Grandison
Hugo;3;Ser Hugo Vance;Ser;Vance
Husband;3;Husband;;
Iggo;3;Iggo;;
Jack;3;Jack Bulwer, Black Jack Bulwer;;Bulwer
Jack-Be-Lucky;3;Jack-Be-Lucky;;
Jarl;3;Jarl;;
Jate;3;Jate Blackberry;;Blackberry
Jayde;3;Jayde;;
Jenny;3;Jenny;;
Jenny;3;Jenny, Of Oldstones;;
Jeyne;3;Queen Jeyne Stark (Westerling);Queen;Stark
Jeyne;3;Lady Jeyne Swann;Lady;Swann
Jeyne;3;Jeyne Frey (Darry), Wife of Ser Cleos;;Frey
Joanna;3;Joanna Swyft;;Swyft
Jon;3;Lord Jon Connington, Griff;Lord;Connington
Jon;3;Jon Darry;;Darry
Jon;3;Lord Jon Bulwer;Lord;Bulwer
Jonelle;3;Jonelle Cerwyn;;Cerwyn
Jonothor;3;Ser Jonothor Darry;Ser;Darry
Joth;3;Joth, Quick-bow;;
Jothos;3;Jothos Slynt;;Slynt
Jynessa;3;Jynessa Blackmont;;Blackmont
Jyzene;3;Jyzene;;
Kaeth;3;Grand Maester Kaeth;Grand Maester;
Karl;3;Karl, Clubfoot Karl;;
Karlon;3;Karlon Stark;;Stark
Kedge;3;Kedge, Whiteye;;
Kegs;3;Kegs;;
Kella;3;Kella;;
Kennos;3;Ser Kennos, Of Kayce;Ser;
Khorane;3;Khorane Sathmantes;;Sathmantes
Kirth;3;Kirth Vance;;Vance
Kraznys;3;Kraznys mo Nakloz;;mo Nakloz
Kyle;3;Kyle, Of the Brotherhood without Banners;;
Kyle;3;Ser Kyle Condon;Ser;Condon
Lanna;3;Lanna, Of the Peach;;
Lanna;3;Lanna Jast (Lannister);;Jast
Larra;3;Lady Larra Blackmont;Lady;Blackmont
Lem;3;Lem, Lem Lemoncloak;;
Lenn;3;Lenn;;
Lennocks;3;Lennocks;;
Lenyl;3;Lenyl;;
Leo;3;Leo Tyrell, Longthorn;;Tyrell
Leo;3;Ser Leo Blackbar;Ser;Blackbar
Leo;3;Leo Tyrell, Leo the Lazy, Son of Moryn;;Tyrell
Leo;3;Ser Leo Tyrell, Son of Victor;Ser;Tyrell
Leona;3;Leona Tyrell;;Tyrell
Leonette;3;Lady Leonette Tyrell (Fossoway);Lady;Tyrell
Leslyn;3;Leslyn;;
Lester;3;Lord Lester Morrigen;Lord;Morrigen
Lester;3;Lester, Red Lester;;
Lew;3;Lew, Left Hand Lew;;
Lewys;3;Lewys, The Fishwife;;
Lia;3;Lady Lia Tyrell (Serry);Lady;Tyrell
Lister;3;Lister;;
Lorent;3;Lorent Tyrell;;Tyrell
Loreza;3;Loreza Sand;;Sand
Lormelle;3;Lormelle, Long Lance;;
Lucas;3;Lucas Roote;;Roote
Lucas;3;Lucas Tyrell;;Tyrell
Lucion;3;Ser Lucion Lannister;Ser;Lannister
Lucos;3;Lord Lucos Chyttering, Little Lucos;Lord;Chyttering
Luke;3;Luke, Likely Luke;;
Lum;3;Lum;;
Lump;3;Lump, Varamyr Sixskins;;
Luthor;3;Lord Luthor Tyrell, Father of Mace;Lord;Tyrell
Luthor;3;Ser Luthor Tyrell, Son of Moryn;Ser;Tyrell
Luthor;3;Luthor Tyrell, Son of Theodore;;Tyrell
Lyle;3;Ser Lyle Crakehall, Strongboar;Ser;Crakehall
Lymond;3;Lord Lymond Lychester;Lord;Lychester
Lymond;3;Lord Lymond Goodbrook;Lord;Goodbrook
Lyonel;3;Lord Lyonel Corbray;Lord;Corbray
Lyonel;3;Ser Lyonel Frey;Ser;Frey
Lyonel;3;Lyonel Tyrell;;Tyrell
Lysa;3;Lady Lysa Tyrell (Meadows);Lady;Tyrell
Mad Axe;3;Mad Axe;;
Maelys;3;Maelys I Blackfyre, Maelys the Monstrous;;Blackfyre
Maerie;3;Goodwife Maerie;Goodwife;
Maerie;3;Maerie, The Whore;;
Mag;3;Mag Mar Tun Doh Weg, Mag the Mighty;;Mar Tun Doh Weg
Maggo;3;Maggo;;
Margot;3;Margot Peake (Lannister);;Peake
Maron;3;Lord Maron Volmark;Lord;Volmark
Marq;3;Lord Commander Marq Rankenfell, Mad Marq Rankenfell;Lord Commander;Rankenfell
Maslyn;3;Maslyn;;
Matt;3;Matt, Little Matt;;
Mawney;3;Mawney;;
Maynard;3;Ser Maynard;Ser;
Medwick;3;Maester Medwick (Tyrell);Maester;
Megga;3;Megga Tyrell;;Tyrell
Meizo;3;Meizo Mahr;;Mahr
Meliana;3;Meliana, Lady Meliana;;
Melly;3;Melly;;
Meredyth;3;Meredyth Crane, Merry;;Crane
Mern;3;King Mern IX Gardener;King;Gardener
Mero;3;Mero, The Titan's Bastard;;
Merriman;3;Merriman;;
Merrit;3;Merrit, Merrit o' Moontown;;
Missandei;3;Missandei;;
Monterys;3;Lord Monterys Velaryon;Lord;Velaryon
Mors;3;Mors Manwoody;;Manwoody
Mudge;3;Mudge;;
Mullin;3;Maester Mullin;Maester;
Mully;3;Mully;;
Munda;3;Munda, Daughter of Tormund;;
Murmison;3;Septon Murmison;Septon;
Myles;3;Myles Mooton;;Mooton
Myles;3;Ser Myles Manwoody;Ser;Manwoody
Myles;3;Myles Smallwood;;Smallwood
Myria;3;Myria Jordayne;;Jordayne
Nage;3;Nage;;
Nolla;3;Goodwife Nolla;Goodwife;
Norbert;3;Lord Norbert Vance;Lord;Vance
Normund;3;Maester Normund (Tyrell);Maester;
Notch;3;Notch;;
Nymella;3;Lady Nymella Toland;Lady;Toland
Nymeria;3;Nymeria Sand, Nym;;Sand
Nysterica;3;Septa Nysterica;Septa;
Obara;3;Obara Sand;;Sand
Obella;3;Obella Sand;;Sand
Olene;3;Olene Blackbar (Tyrell);;Blackbar
Ollo;3;Ollo, Lophand;;
Olymer;3;Ser Olymer Tyrell;Ser;Tyrell
Omer;3;Omer Blackberry;;Blackberry
Orell;3;Orell;;
Orland;3;Orland, Of Oldtown;;
Ormond;3;Ser Ormond;Ser;
Orton;3;Orton Merryweather;;Merryweather
Oss;3;Oss, Orphan Oss;;
Oswell;3;Oswell Kettleblack;;Kettleblack
Oswyn;3;Oswyn, Oswyn Longneck the Thrice-Hanged;;
Otto;3;Ser Otto Hightower;Ser;Hightower
Owen;3;Owen, The Oaf;;
Oznak;3;Oznak zo Pahl;;zo Pahl
Pate;3;Pate, Old Pate;;
Pate;3;Pate, Of Mory;;
Pate;3;Pate, Of Lancewood;;
Pate;3;Pate, Of Shermer's Grove;;
Pate;3;Pate, Spotted Pate of Maidenpool;;
Paul;3;Paul, Small Paul;;
Pello;3;Pello, Of Tyrosh, Greenbeard;;
Perros;3;Perros Blackmont;;Blackmont
Peter;3;Peter Plumm;;Plumm
Philip;3;Lord Philip Plumm;Lord;Plumm
Prendahl;3;Prendahl na Ghezn;;na Ghezn
Puddingfoot;3;Puddingfoot;;
Pyg;3;Pyg;;
Qarlton;3;Lord Qarlton Chelsted;Lord;Chelsted
Quenn;3;Quenn;;
Quentin;3;Ser Quentin Tyrell;Ser;Tyrell
Quort;3;Quort;;
Ralph;3;Lord Ralph Buckler;Lord;Buckler
Ravella;3;Lady Ravella Smallwood (Swann);Lady;Smallwood
Raymar;3;Lord Raymar Royce;Lord;Royce
Raymund;3;Raymund Tyrell;;Tyrell
Raynald;3;Ser Raynald Westerling;Ser;Westerling
Richard;3;Richard Lonmouth;;Lonmouth
Rickard;3;Rickard Tyrell;;Tyrell
Robert;3;Ser Robert Stone;Ser;Stone
Robert;3;Ser Robert Paege;Ser;Paege
Robin;3;Lord Commander Robin Hill;Lord Commander;Hill
Rodrik;3;Lord Commander Rodrik Flint;Lord Commander;Flint
Rodrik;3;Lord Rodrik Ryswell;Lord;Ryswell
Rollam;3;Rollam Westerling;;Westerling
Rolland;3;Ser Rolland Storm, The Bastard of Nightsong;Ser;Storm
Rolley;3;Rolley Of Sisterton;;Of Sisterton
Rolph;3;Ser Rolph Spicer;Ser;Spicer
Ronald;3;Ser Ronald Vance, The Bad;Ser;Vance
Ronnel;3;Ronnel Harclay;;Harclay
Ronnel;3;Ronnel Stout;;Stout
Roone;3;Maester Roone;Maester;
Roro;3;Roro Uhoris, Blind Bastard;;Uhoris
Runcel;3;Lord Commander Runcel Hightower;Lord Commander;Hightower
Ryk;3;Ryk, Longspear Ryk;;
Ryles;3;Ryles;;
Ryn;3;Ryn, Anvil Ryn;;
Ryon;3;Ser Ryon Allyrion;Ser;Allyrion
Sallor;3;Sallor, The Bald;;
Samwell;3;Samwell Spicer;;Spicer
Sarella;3;Sarella Sand;;Sand
Satin;3;Satin;;
Sawwood;3;Sawwood;;
Scarb;3;Scarb;;
Sebaston;3;Lord Sebaston Farman;Lord;Farman
Sedgekins;3;Sedgekins;;
Selmond;3;Lord Selmond Stackspear;Lord;Stackspear
Sharna;3;Sharna;;
Sherrit;3;King Sherrit;King;
Shiera;3;Lady Shiera Lannister (Crakehall);Lady;Lannister
Shierle;3;Shierle Sarsfield (Swyft);;Sarsfield
Silveraxe;3;Silveraxe;;
Simon;3;Simon Toyne;;Toyne
Softfoot;3;Softfoot;;
Spare Boot;3;Spare Boot;;
Steffon;3;Ser Steffon Swyft;Ser;Swyft
Steffon;3;Ser Steffon Stackspear;Ser;Stackspear
Stone Thumbs;3;Stone Thumbs;;
Styr;3;Styr, Magnar of Thenn;;
Su;3;Su, Sky Blue Su;;
Sumner;3;Ser Sumner Crakehall;Ser;Crakehall
Sybell;3;Lady Sybell Westerling (Spicer);Lady;Westerling
Taena;3;Lady Taena Merryweather, Of Myr;Lady;Merryweather
Talla;3;Talla Tarly;;Tarly
Tansy;3;Tansy;;
Tansy;3;Tansy;;
Temmo;3;Temmo;;
Terrence;3;Ser Terrence Toyne;Ser;Toyne
Terrence;3;Lord Terrence Kenning;Lord;Kenning
Theodore;3;Ser Theodore Tyrell;Ser;Tyrell
Theomar;3;Lord Theomar Smallwood;Lord;Smallwood
Three Toes;3;Three Toes;;
Tim;3;Tim Stone;;Stone
Tim;3;Tim, Tangletongue;;
Timeon;3;Timeon Of Dorne;;Of Dorne
Titus;3;Lord Titus Peake;Lord;Peake
Toefinger;3;Toefinger;;
Togg;3;Togg Joth;;Joth
Tom;3;Tom, Of Sevenstreams/O'Sevens/Sevenstrings;;
Tommen;3;King Tommen II Lannister;King;Lannister
Toregg;3;Toregg, Son of Tormund;;
Tormund;3;Tormund, Giantsbane;;
Torwynd;3;Torwynd, The Tame;;
Tremond;3;Lord Tremond Gargalen;Lord;Gargalen
Tristan;3;Lord Commander Tristan Mudd;Lord Commander;Mudd
Tristan;3;Tristan Ryger;;Ryger
Tristifer;3;King Tristifer IV Mudd, The Hammer of Justice;King;Mudd
Tristifer;3;King Tristifer V Mudd;King;Mudd
Tristimun;3;Ser Tristimun;Ser;
Triston;3;Ser Triston, Of Tally Hill;Ser;
Triston;3;Lord Triston Farwynd;Lord;Farwynd
Tumberjon;3;Tumberjon;;
Turquin;3;Maester Turquin;Maester;
Tybolt;3;Ser Tybolt Crakehall;Ser;Crakehall
Tyene;3;Tyene Sand;;Sand
Ulmer;3;Ulmer, Ulmer of the Kingswood;;
Ulwyck;3;Ser Ulwyck Uller;Ser;Uller
Umfred;3;Umfred;;
Val;3;Val;;
Victaria;3;Victaria Bulwer;;Bulwer
Victor;3;Ser Victor Tyrell;Ser;Tyrell
Wallace;3;Wallace Massey;;Massey
Warren;3;Ser Warren;Ser;
Watt;3;Watt, Of Long Lake;;
Watty;3;Watty, The Miller;;
Wenda;3;Wenda, The White Fawn;;
Wilbert;3;Ser Wilbert;Ser;
Will;3;Will, Hookface Will;;
Will;3;Will, Fletcher Will;;
Wyl;3;Wyl, Blind Wyl the Whittler;;
Wynton;3;Ser Wynton Stout;Ser;Stout
Zei;3;Zei;;
Zollo;3;Zollo;;
Addison;4;Ser Addison Hill;Ser;Hill
Aenar;4;Lord Aenar Targaryen, Aenar the Exile;Lord;Targaryen
Aglantine;4;Septa Aglantine;Septa;
Alesandor;4;Lord Alesandor Torrent;Lord;Torrent
Alester;4;Alester Oakheart;;Oakheart
Allaquo;4;Allaquo;;
Alleras;4;Alleras, The Sphinx;;
Alvyn;4;Alvyn Sharp;;Sharp
Alyn;4;Lord Alyn Velaryon, Oakenfist;Lord;Velaryon
Alyn;4;Ser Alyn Hunt;Ser;Hunt
Alys;4;Alys Waynwood (Arryn);;Waynwood
Alysanne;4;Alysanne Tarth;;Tarth
Alyse;4;Lady Alyse Ladybright;Lady;Ladybright
Andrey;4;Ser Andrey Dalt;Ser;Dalt
Arianne;4;Arianne Tarth;;Tarth
Armen;4;Armen, The Acolyte;;
Artys;4;Ser Artys Arryn, The Winged Knight;Ser;Arryn
Assadora;4;Assadora;;
Balman;4;Ser Balman Byrch;Ser;Byrch
Balon;4;Balon Botley;;Botley
Bayard;4;Ser Bayard Norcross;Ser;Norcross
Belandra;4;Belandra;;
Bellegere;4;Bellegere Otherys, The Black Pearl;;Otherys
Bellegere;4;Bellegere Otherys, The Black Pearl, Aegon IV's mistress;;Otherys
Bellonara;4;Bellonara Otherys;;Otherys
Ben;4;Ser Ben Bushy, Big Ben;Ser;Bushy
Ben;4;Ben, Ben Big Mouth, Orphan;;
Ben;4;Ben Beesbury;;Beesbury
Ben;4;Ben Blacktyde, Blind Ben Blacktyde;;Blacktyde
Benedar;4;Lord Benedar Belmore;Lord;Belmore
Benedar;4;Benedar;;
Benedict;4;Archmaester Benedict;Archmaester;
Bennarion;4;Bennarion Botley;;Botley
Bennet;4;Septon Bennet;Septon;
Beqqo;4;Beqqo, Blind Beqqo;;
Beron;4;Beron Blacktyde, Blind Beron;;Blacktyde
Bethany;4;Bethany, Blushing Bethany;;
Boremund;4;Boremund Harlaw, The Blue;;Harlaw
Bors;4;Bors;;
Brea;4;Brea;;
Brusco;4;Brusco;;
Brynden;4;Lord Commander Brynden Rivers, Bloodraven;Lord Commander;Rivers
Byron;4;Ser Byron, The Beautiful;Ser;
Carrot;4;Carrot;;
Cedric;4;Ser Cedric Payne;Ser;Payne
Clarence;4;Ser Clarence Crabb;Ser;Crabb
Clayton;4;Ser Clayton Suggs;Ser;Suggs
Clement;4;Clement Crabb;;Crabb
Clement;4;Brother Clement;Brother;
Cletus;4;Cletus Yronwood;;Yronwood
Colloquo;4;Colloquo Votar;;Votar
Corliss;4;Ser Corliss Penny;Ser;Penny
Cossomo;4;Cossomo, The Conjurer;;
Courtenay;4;Ser Courtenay Greenhill;Ser;Greenhill
Cragorn;4;Cragorn;;
Creighton;4;Ser Creighton Longbough;Ser;Longbough
Creighton;4;Ser Creighton Redfort;Ser;Redfort
Criston;4;Ser Criston Cole, Kingmaker;Ser;Cole
Daena;4;Princess Daena Targaryen;Princess;Targaryen
Dagon;4;Lord Dagon Greyjoy;Lord;Greyjoy
Dagon;4;Dagon Ironmaker;;Ironmaker
Dake;4;Dake;;
Dale;4;Dale, The Dread;;
Damon;4;Ser Damon Shett;Ser;Shett
Danelle;4;Lady Danelle Lothston, Mad Danelle;Lady;Lothston
Denestan;4;Maester Denestan;Maester;
Denyo;4;Denyo Terys;;Terys
Denys;4;Lord Denys Darklyn;Lord;Darklyn
Denys;4;Denys Drumm;;Drumm
Dick;4;Dick Crabb, Nimble Dick;;Crabb
Donel;4;Donel Greyjoy;;Greyjoy
Donnel;4;Ser Donnel, Of Duskendale;Ser;
Donnel;4;Donnel Drumm;;Drumm
Dorcas;4;Dorcas;;
Ebrose;4;Archmaester Ebrose;Archmaester;
Edgerran;4;Lord Edgerran Oakheart, The Open-Handed;Lord;Oakheart
Edmund;4;Ser Edmund Ambrose;Ser;Ambrose
Edmund;4;Lord Edmund Waxley;Lord;Waxley
Eglantine;4;Septa Eglantine;Septa;
Eldred;4;Eldred Codd;;Codd
Ellendor;4;Grand Maester Ellendor;Grand Maester;
Ellyn;4;Lady Ellyn Tarbeck;Lady;Tarbeck
Elys;4;Ser Elys Waynwood;Ser;Waynwood
Emma;4;Emma;;
Emmond;4;Emmond;;
Erik;4;Erik Ironmaker, Erik Anvil-Breaker/Erik the Just;;Ironmaker
Eustace;4;Lord Eustace Brune;Lord;Brune
Eustace;4;Eustace, Of Braavos;;
Eustace;4;Ser Eustace Hunter;Ser;Hunter
Ezzelyno;4;Ezzelyno;;
Falia;4;Falia Flowers;;Flowers
Fralegg;4;Fralegg, The Strong;;
Franklyn;4;Lord Franklyn Fowler, The Old Hawk;Lord;Fowler
Frynne;4;Frynne;;
Galladon;4;Ser Galladon, Of Morne;Ser;
Galladon;4;Galladon Tarth;;Tarth
Garin;4;Garin;;
Garrett;4;Garrett Paege;;Paege
Garrison;4;Lord Garrison Prester;Lord;Prester
Garth;4;King Garth XII Gardener;King;Gardener
Garth;4;Ser Garth Hightower, Greysteel;Ser;Hightower
Gascoyne;4;Ser Gascoyne, Of the Greenblood;Ser;
Germund;4;Lord Germund Botley;Lord;Botley
Gerold;4;Ser Gerold Dayne, Darkstar;Ser;Dayne
Gerold;4;Lord Gerold Grafton;Lord;Grafton
Gillam;4;Brother Gillam;Brother;
Gilwood;4;Ser Gilwood Hunter, Young Lord Hunter;Ser;Hunter
Godric;4;Lord Godric Borrell;Lord;Borrell
Godry;4;Ser Godry Farring, Giantslayer;Ser;Farring
Gorghan;4;Gorghan, Of Old Ghis;;
Gormond;4;Gormond Goodbrother;;Goodbrother
Gormond;4;Gormond Drumm, The Oldfather;;Drumm
Gran;4;Gran Goodbrother;;Goodbrother
Gretchel;4;Gretchel;;
Greydon;4;Greydon Goodbrother;;Goodbrother
Gulian;4;Maester Gulian;Maester;
Gunthor;4;Ser Gunthor Hightower;Ser;Hightower
Guthor;4;Lord Guthor Grimm;Lord;Grimm
Gwin;4;Gwin Goodbrother;;Goodbrother
Gwynesse;4;Lady Gwynesse Greyjoy (Harlaw);Lady;Greyjoy
Gylbert;4;Lord Gylbert Farwynd;Lord;Farwynd
Gyleno;4;Gyleno Dothare;;Dothare
Gyles;4;Ser Gyles, Gyles Greycloak;Ser;
Gyles;4;Gyles Grafton;;Grafton
Gyles;4;Gyles Farwynd;;Farwynd
Gyloro;4;Gyloro Dothare;;Dothare
Gysella;4;Gysella Goodbrother;;Goodbrother
Haereg;4;Haereg;;
Harlan;4;Harlan Hunter;;Hunter
Harlon;4;Harlon Greyjoy;;Greyjoy
Harlon;4;Harlon Botley;;Botley
Harmund;4;Harmund Sharp;;Sharp
Harrag;4;King Harrag Hoare;King;Hoare
Harrag;4;Harrag Sharp;;Sharp
Harras;4;Ser Harras Harlaw, The Knight;Ser;Harlaw
Harren;4;Harren Botley;;Botley
Harren;4;Harren, Half-Hoare;;
Harrold;4;Ser Harrold Hardyng, Harry the Heir;Ser;Hardyng
Harry;4;Harry Sawyer;;Sawyer
Harwood;4;Lord Harwood Fell;Lord;Fell
Helliweg;4;Maester Helliweg;Maester;
Herbert;4;Ser Herbert Bolling;Ser;Bolling
Hibald;4;Hibald;;
Hilmar;4;Hilmar Drumm;;Drumm
Hoke;4;Hoke, The Horseleg;;
Hostella;4;Hostella Frey;;Frey
Hotho;4;Hotho Harlaw, Hotho Humpback;;Harlaw
Hugh;4;Ser Hugh Beesbury;Ser;Beesbury
Hugh;4;Hugh Clifton;;Clifton
Humfrey;4;Humfrey Wagstaff;;Wagstaff
Humfrey;4;Humfrey Swyft;;Swyft
Humfrey;4;Lord Humfrey Hewett;Lord;Hewett
Humfrey;4;Humfrey Waters;;Waters
Humfrey;4;Ser Humfrey Hightower;Ser;Hightower
Hyle;4;Ser Hyle Hunt;Ser;Hunt
Illifer;4;Ser Illifer, The Penniless;Ser;
Jasper;4;Lord Jasper Arryn;Lord;Arryn
Jasper;4;Ser Jasper Redfort;Ser;Redfort
Jate;4;Jate;;
Jeffory;4;Ser Jeffory Norcross, Neveryield;Ser;Norcross
Jennelyn;4;Jennelyn Fowler;;Fowler
Jeyne;4;Jeyne Fowler;;Fowler
Jeyne;4;Jeyne Farman;;Farman
Jeyne;4;Jeyne, Canker Jeyne;;
Jeyne;4;Jeyne Heddle;;Heddle
Jocelyn;4;Jocelyn Swyft;;Swyft
Jon;4;Ser Jon Hollard;Ser;Hollard
Jon;4;Jon Myre, Pinchface;;Myre
Jon;4;Jon Bettley, Beardless Jon Bettley;;Bettley
Jon;4;Lord Jon Lynderly;Lord;Lynderly
Jon;4;Jon Pox;;Pox
Jon;4;Jon Heddle, Long Jon Heddle;;Heddle
Jon;4;Jon Penny;;Penny
Jon;4;Ser Jon Redfort;Ser;Redfort
Jorquen;4;Septon Jorquen;Septon;
Joseran;4;Maester Joseran;Maester;
Joss;4;Joss, The Gloom;;
Justin;4;Ser Justin Massey;Ser;Massey
Kedry;4;Maester Kedry;Maester;
Kemmett;4;Kemmett Pyke, The Bastard;;Pyke
Kojja Mo;4;Kojja Mo;;
Lambert;4;Ser Lambert Turnberry;Ser;Turnberry
Lanna;4;Lanna, Of the Happy Port;;
Leana;4;Leana Frey;;Frey
Lenwood;4;Lenwood Tawney, Little Lenwood Tawney;;Tawney
Lewys;4;Lewys Piper, Little Lew;;Piper
Lorimer;4;Ser Lorimer, The Belly;Ser;
Lotho;4;Lotho Lornel;;Lornel
Lucamore;4;Ser Lucamore Strong, Lucamore the Lusty;Ser;Strong
Lucantine;4;Ser Lucantine Woodwright;Ser;Woodwright
Lucas;4;Lord Lucas Lothston, The Pander;Lord;Lothston
Lucas;4;Lucas Codd, Left-Hand Lucas;;Codd
Lucas;4;Ser Lucas Corbray;Ser;Corbray
Lucifer;4;Lord Lucifer Hardy;Lord;Hardy
Lucimore;4;Lucimore Botley;;Botley
Luco;4;Luco Prestayn;;Prestayn
Lucos;4;Septon Lucos;Septon;
Maddy;4;Maddy, Fat Maddy;;
Maggy;4;Maggy, The Frog;;
Manfrey;4;Ser Manfrey Martell;Ser;Martell
Manfryd;4;Manfryd Lothston;;Lothston
Manfryd;4;Ser Manfryd Yew;Ser;Yew
Maron;4;Prince Maron Martell;Prince;Martell
Meggett;4;Meggett;;
Mela;4;Mela;;
Melara;4;Melara Hetherspoon;;Hetherspoon
Melicent;4;Septa Melicent;Septa;
Mellei;4;Mellei;;
Meralyn;4;Meralyn, Merry;;
Meribald;4;Septon Meribald;Septon;
Merion;4;Grand Maester Merion;Grand Maester;
Michael;4;Ser Michael Mertyns, The White Owl;Ser;Mertyns
Moelle;4;Septa Moelle;Septa;
Mollander;4;Mollander;;
Mollos;4;Mollos;;
Moredo;4;Captain Moredo Prestayn;Captain;Prestayn
Morgarth;4;Ser Morgarth, The Merry;Ser;
Moribald;4;Lord Moribald Chester;Lord;Chester
Moroggo;4;Moroggo;;
Morra;4;Morra;;
Murenmure;4;Maester Murenmure;Maester;
Myles;4;Maester Myles;Maester;
Myrmello;4;Myrmello;;
Nagga;4;Nagga;;
Naggle;4;Naggle;;
Narbert;4;Brother Narbert;Brother;
Narbo;4;Narbo, Little Narbo;;
Noho;4;Noho Dimittis;;Dimittis
Norjen;4;Norjen;;
Nute;4;Nute, The Barber;;
Ollidor;4;Septon Ollidor;Septon;
Olyvar;4;Olyvar Martell;;Martell
Olyvar;4;Ser Olyvar Oakheart, The Green Oak;Ser;Oakheart
Orbelo;4;Orbelo;;
Orbert;4;Lord Commander Orbert Caswell;Lord Commander;Caswell
Orivel;4;Ser Orivel, The Open-Handed;Ser;
Ormond;4;Lord Ormond Yronwood;Lord;Yronwood
Osbert;4;Lord Osbert Serry;Lord;Serry
Osric;4;Lord Commander Osric Stark;Lord Commander;Stark
Ossifer;4;Ossifer Plumm;;Plumm
Ossy;4;Ossy;;
Owen;4;Lord Owen Merryweather;Lord;Merryweather
Owen;4;Ser Owen Inchfield;Ser;Inchfield
Owen;4;Owen, Brother of Meribald;;
Pate;4;Pate, Novice of Oldtown;;
Pate;4;Pate, The Whipping Boy;;
Pate;4;Pate, Orphan;;
Perestan;4;Archmaester Perestan;Archmaester;
Portifer;4;Ser Portifer Woodwright;Ser;Woodwright
Puckens;4;Puckens;;
Qarl;4;Qarl, The Thrall;;
Quellon;4;Lord Quellon Greyjoy;Lord;Greyjoy
Quellon;4;Quellon Humble;;Humble
Quellon;4;Quellon Botley;;Botley
Quence;4;Quence;;
Quenton;4;Lord Quenton Hightower;Lord;Hightower
Quenton;4;Quenton Greyjoy;;Greyjoy
Quill;4;Quill;;
Quincy;4;Ser Quincy Cox;Ser;Cox
Ragnor;4;Ragnor Pyke;;Pyke
Ralf;4;Ralf Stonehouse, Red Ralf Stonehouse;;Stonehouse
Ralf;4;Ralf Kenning;;Kenning
Ralf;4;Ralf, The Limper;;
Ralf;4;Ralf, The Shepherd;;
Ralf;4;Ralf, Of Lordsport;;
Rawney;4;Brother Rawney;Brother;
Raymond;4;Raymond Nayland;;Nayland
Raynard;4;Septon Raynard;Septon;
Raynard;4;Ser Raynard Ruttiger;Ser;Ruttiger
Rennifer;4;Rennifer Longwaters;;Longwaters
Ricasso;4;Ricasso;;
Richard;4;Ser Richard Farrow;Ser;Farrow
Richard;4;Ser Richard Horpe;Ser;Horpe
Rigney;4;Archmaester Rigney;Archmaester;
Robert;4;Ser Robert Flowers, Red Robert Flowers;Ser;Flowers
Robin;4;Robin Greyjoy;;Greyjoy
Robin;4;Robin Hollard;;Hollard
Robin;4;Lord Robin Moreland;Lord;Moreland
Robin;4;Robin Potter;;Potter
Robin;4;Robin, Brother of Meribald;;
Rodrik;4;Rodrik Freeborn;;Freeborn
Roelle;4;Septa Roelle;Septa;
Roger;4;Ser Roger Hogg;Ser;Hogg
Roggo;4;Roggo, Red Roggo;;
Rolder;4;Rolder;;
Rolland;4;Ser Rolland Darklyn;Ser;Darklyn
Rolland;4;Lord Rolland Longthorpe;Lord;Longthorpe
Romny;4;Romny Weaver;;Weaver
Ronnel;4;Ronnel Arryn;;Arryn
Roone;4;Roone;;
Roryn;4;Roryn, The Reaver;;
Rosamund;4;Rosamund Lannister;;Lannister
Rosey;4;Rosey;;
Royce;4;Lord Royce Coldwater;Lord;Coldwater
Rufus;4;Ser Rufus Leek;Ser;Leek
Rugen;4;Rugen;;
Rupert;4;Rupert Crabb;;Crabb
Rus;4;Rus;;
Russell;4;Russell Merryweather;;Merryweather
Ryam;4;Archmaester Ryam;Archmaester;
Samwell;4;Samwell Stone, Strong Sam Stone;;Stone
Sargon;4;Sargon Botley;;Botley
Scolera;4;Septa Scolera;Septa;
Senelle;4;Senelle;;
Serala;4;Lady Serala, Of Myr;Lady;
Shadrich;4;Ser Shadrich, Of the Shady Glen/The Mad Mouse;Ser;
Shortear;4;Shortear;;
Sigfry;4;Sigfry Stonetree;;Stonetree
Sigfryd;4;Sigfryd Harlaw, Silverhair;;Harlaw
Sloey;4;Sloey;;
Steffarion;4;Steffarion Sparr;;Sparr
Steffon;4;Ser Steffon Hollard;Ser;Hollard
Stonehand;4;Stonehand;;
S'vrone;4;S'vrone;;
Sylas;4;King Sylas Flatnose;King;Flatnose
Sylva;4;Lady Sylva Santagar, Spotted Sylva;Lady;Santagar
Symon;4;Ser Symon Hollard;Ser;Hollard
Symond;4;Symond Templeton, Knight of Ninestars;;Templeton
Symond;4;Symond Botley;;Botley
Tagganaro;4;Tagganaro;;
Talbert;4;Ser Talbert Serry;Ser;Serry
Talea;4;Talea;;
Tansy;4;Tansy, Orphan;;
Tarle;4;Tarle, The Thrice-Drowned;;
Ternesio;4;Captain Ternesio Terys;Captain;Terys
Terrance;4;Terrance Lynderly;;Lynderly
Terro;4;Terro;;
Theobald;4;Archmaester Theobald;Archmaester;
Theodan;4;Ser Theodan Wells, The True;Ser;Wells
Theomore;4;Lord Theomore Harlaw;Lord;Harlaw
Thomax;4;Maester Thomax;Maester;
Thormor;4;Thormor Ironmaker;;Ironmaker
Three-Tooth;4;Three-Tooth;;
Timoth;4;Timoth;;
Tom;4;Ser Tom Costayne, Long Tom Costayne;Ser;Costayne
Torbert;4;Septon Torbert;Septon;
Torwold;4;Torwold Browntooth;;Browntooth
Tristifer;4;Lord Tristifer Botley;Lord;Botley
Triston;4;Lord Triston Sunderland;Lord;Sunderland
Umma;4;Umma;;
Unella;4;Septa Unella;Septa;
Urek;4;Urek Ironmaker;;Ironmaker
Urras;4;King Urras Ironfoot;King;Ironfoot
Urrigon;4;Urrigon Greyjoy;;Greyjoy
Uthero;4;Uthero;;
Uthor;4;Lord Uthor Tollett;Lord;Tollett
Vaellyn;4;Archmaester Vaellyn;Archmaester;
Vickon;4;Vickon Botley;;Botley
Walgrave;4;Archmaester Walgrave;Archmaester;
Wallace;4;Wallace Waynwood;;Waynwood
Wat;4;Wat, The Blue Bard;;
Wat;4;Wat, Sailor;;
Wat;4;Wat, Orphan;;
Will;4;Ser Will, The Stork;Ser;
Will;4;Will Humble;;Humble
Will;4;Will, Orphan;;
Willam;4;Willam, Brother of Meribald;;
Willam;4;Ser Willam Wythers;Ser;Wythers
Willow;4;Willow Heddle;;Heddle
Wulfe;4;Wulfe, One-Ear;;
Xhondo;4;Xhondo;;
Ygon;4;Ygon Farwynd;;Farwynd
Yna;4;Yna;;
Yohn;4;Yohn Farwynd;;Farwynd
Yorko;4;Yorko Terys;;Terys
Ysilla;4;Ysilla Redfort (Royce);;Redfort
Adrack;5;Adrack Humble;;Humble
Aegor;5;Ser Aegor Rivers, Bittersteel;Ser;Rivers
Aemond;5;Prince Aemond Targaryen;Prince;Targaryen
Alf;5;Alf, Of Runnymudd;;
Alios;5;Alios Qhaedar;;Qhaedar
Alyn;5;Alyn, Sour Alyn;;
Alyn;5;Alyn Blackwood;;Blackwood
Alynne;5;Alynne Connington;;Connington
Alysane;5;Alysane Mormont;;Mormont
Alysanne;5;Lady Alysanne Lefford;Lady;Lefford
Alysanne;5;Alysanne Bracken;;Bracken
Archibald;5;Ser Archibald Yronwood, Arch/The Big Man;Ser;Yronwood
Armond;5;Lord Armond Connington;Lord;Connington
Arnolf;5;Arnolf Karstark;;Karstark
Arstan;5;Lord Arstan Selmy;Lord;Selmy
Arthor;5;Arthor Karstark;;Karstark
Artos;5;Artos Flint;;Flint
Ash;5;Ash;;
Azzak;5;Azzak;;
Balaq;5;Balaq, Black Balaq;;
Baqq;5;Baqq;;
Barba;5;Barba Bracken;;Bracken
Barbara;5;Barbara Bracken;;Bracken
Barbrey;5;Lady Barbrey Dustin (Ryswell);Lady;Dustin
Barsena;5;Barsena, Barsena Blackhair;;
Bartimus;5;Ser Bartimus;Ser;
Beans;5;Beans;;
Belaquo;5;Belaquo, Belaquo Bonebreaker;;
Belicho;5;Belicho Staegone;;Staegone
Belicho;5;Triarch Belicho;Triarch;
Ben;5;Ben, Bearded Ben;;
Ben;5;Ben, Ben Bones;;
Ben;5;Ben Blackwood;;Blackwood
Benerro;5;Benerro;;
Benethon;5;Ser Benethon Scales;Ser;Scales
Benjicot;5;Benjicot Branch;;Branch
Beron;5;Beron, Serjeant for House Dustin;;
Bess;5;Bess Bracken;;Bracken
Bethany;5;Bethany Blackwood;;Blackwood
Bethany;5;Lady Bethany Bolton (Ryswell);Lady;Bolton
Bhakaz;5;Bhakaz;;
Bill;5;Bill Bone, Old Bill Bone;;Bone
Black Fist;5;Black Fist;;
Black Knife;5;Black Knife;;
Bloodbeard;5;Bloodbeard;;
Bokkoko;5;Bokkoko;;
Books;5;Books;;
Borroq;5;Borroq;;
Brandon;5;Brandon Stark, Ice Eyes;;Stark
Brandon;5;Lord Brandon Norrey, The Norrey;Lord;Norrey
Brandon;5;Brandon Norrey, The Younger;;Norrey
Brendel;5;Ser Brendel Byrne;Ser;Byrne
Briar;5;Briar;;
Brogg;5;Brogg;;
Brus;5;Ser Brus Buckler;Ser;Buckler
Brynden;5;Brynden Blackwood;;Blackwood
Bump;5;Bump;;
Burton;5;Burton Humble;;Humble
Butts;5;Butts;;
Byron;5;Ser Byron Swann;Ser;Swann
Caggo;5;Caggo;;
Camarron;5;Camarron, Of the Count;;
Canty;5;Canty;;
Casper;5;Lord Casper Wylde;Lord;Wylde
Caspor;5;Caspor Hill;;Hill
Casso;5;Casso Mogat;;Mogat
Catelyn;5;Catelyn Bracken;;Bracken
Cetherys;5;Cetherys;;
Chains;5;Chains;;
Chezdhar;5;Chezdhar zo Rhaezn;;zo Rhaezn
Clifford;5;Lord Clifford Swann;Lord;Swann
Coals;5;Coals;;
Cregan;5;Cregan Karstark;;Karstark
Cromm;5;Cromm;;
Daegon;5;Daegon Shepherd, The Black Shepherd;;Shepherd
Daenerys;5;Daenerys Targaryen, Daughter of Aegon IV;;Targaryen
Daeron;5;Lord Daeron Vaith;Lord;Vaith
Dagon;5;Dagon Codd;;Codd
Dagon;5;Dagon Greyjoy, The Drunkard;;Greyjoy
Dale;5;Dale, Droopeye Dale;;
Damon;5;Damon, Damon Dance-For-Me;;
Dannel;5;Dannel;;
Denys;5;Denys Strong;;Strong
Denzo;5;Denzo D'han;;D'han
Devyn;5;Devyn Sealskinner;;Sealskinner
Dhazzar;5;Dhazzar;;
Dick;5;Dick, Yellow Dick;;
Dick;5;Dick Straw;;Straw
Dick;5;Dick Cole;;Cole
Doniphos;5;Triarch Doniphos Paenymion;Triarch;Paenymion
Donnel;5;Donnel Flint, Black Donnel Flint;;Flint
Dorden;5;Ser Dorden, The Dour;Ser;
Doss;5;Doss, Blind Doss;;
Draqaz;5;Draqaz;;
Dryn;5;Dryn;;
Duncan;5;Duncan Liddle, Big Liddle;;Liddle
Duncan;5;Duncan Strong;;Strong
Duran;5;Duran;;
Earl;5;Earl Harlaw;;Harlaw
Edmund;5;Edmund Blackwood;;Blackwood
Eladon Goldenhair;5;Eladon Goldenhair;;
Eleanor;5;Eleanor Tarly (Mooton);;Tarly
Ezzara;5;Ezzara;;
Faezhar;5;Faezhar zo Faez, The Rabbit;;zo Faez
Ferrego;5;Ferrego Antaryon;;Antaryon
Fingers;5;Fingers;;
Franklyn;5;Franklyn Flowers;;Flowers
Frenya;5;Frenya;;
Fulk;5;Fulk, The Flea;;
Galazza;5;Galazza Galarre, The Green Grace;;Galarre
Galendro;5;Galendro;;
Garrett;5;Garrett, Garrett Greenspear;;
Garth;5;Garth, Of Wolf's Den;;
Gavin;5;Gavin, The Trader;;
Gella;5;Gella;;
Gelmar;5;Gelmar, The Grim;;
Gerrick;5;Gerrick Kingsblood;;Kingsblood
Gerris;5;Ser Gerris Drinkwater;Ser;Drinkwater
Gerrold;5;Gerrold Redback;;Redback
Gerrold;5;Gerrold, Black Gerrold;;
Ghazdor;5;Ghazdor zo Ahlaq, Lord Wobblecheeks;;zo Ahlaq
Goghor;5;Goghor, The Giant;;
Gorys;5;Gorys Edoryen;;Edoryen
Gorzhak;5;Gorzhak zo Eraz, Pudding Face;;zo Eraz
Grazdan;5;Grazdan zo Galare;;zo Galare
Grazdar;5;Grazdar;;
Grazdhan;5;Grazdhan zo Rhaezn;;zo Rhaezn
Grazhar;5;Grazhar;;
Greenguts;5;Greenguts;;
Grimtongue;5;Grimtongue;;
Grisella;5;Grisella;;
Grunt;5;Grunt;;
Gwyneth;5;Gwyneth Yronwood;;Yronwood
Gylo;5;Gylo Rhegan;;Rhegan
Hagen;5;Hagen, The Horn;;
Haggon;5;Haggon;;
Haldon;5;Haldon, Halfmaester;;
Halleck;5;Halleck;;
Hammer;5;Hammer;;
Harghaz;5;Harghaz, The Hero;;
Harl;5;Harl, Six-Toed Harl;;
Harle;5;Harle, The Huntsman;;
Harle;5;Harle, The Handsome;;
Harmond;5;Lord Harmond Umber, The Drunken Giant;Lord;Umber
Harry;5;Ser Harry Strickland;Ser;Strickland
Harry;5;Harry Rivers, Bastard of Bracken;;Rivers
Harry;5;Harry Merrell, Hot Harry Merrell;;Merrell
Harsley;5;Harsley;;
Harwood;5;Lord Harwood Stout;Lord;Stout
Harys;5;Ser Harys Cobb;Ser;Cobb
Hazrak;5;Hazrak zo Loraq, The Handsome;;zo Loraq
Hazzea;5;Hazzea;;
Henly;5;Maester Henly;Maester;
Hero;5;Hero;;
Hildy;5;Hildy;;
Hizdahr;5;Hizdahr zo Loraq;;zo Loraq
Hoarfrost;5;Lord Hoarfrost Umber;Lord;Umber
Holly;5;Holly;;
Hop-Bean;5;Hop-Bean;;
Horonno;5;Triarch Horonno;Triarch;
Hoster;5;Hoster Blackwood, Hos;;Blackwood
Howd;5;Howd Wanderer;;Wanderer
Hugh;5;Hugh Hungerford;;Hungerford
Hugo;5;Hugo Wull, Big Bucket Wull;;Wull
Hugor;5;King Hugor, Of the Hill;King;
Humfrey;5;Ser Humfrey Clifton;Ser;Clifton
Humfrey;5;Humfrey Stone;;Stone
Ithoke;5;Ithoke, Fearless Ithoke;;
Izembaro;5;Izembaro;;
Jace;5;Jace;;
Jack;5;Lord Commander Jack Musgood, Jolly Jack;Lord Commander;Musgood
Jack;5;Jack Crabb, Red Jack Crabb;;Crabb
Jack;5;Jack, Ginger Jack;;
Jax;5;Jax;;
Jayne;5;Jayne Bracken;;Bracken
Jezhene;5;Jezhene;;
John;5;John Mudd, Young John Mudd;;Mudd
Jokin;5;Jokin;;
Jon;5;Jon Lothston;;Lothston
Jorelle;5;Jorelle Mormont, Jory;;Mormont
Jyana;5;Jyana Reed;;Reed
Kasporio;5;Kasporio, The Cunning/The Cunt;;
Kem;5;Kem;;
Kennet;5;Kennet;;
Kerwin;5;Maester Kerwin;Maester;
Kezmya;5;Kezmya;;
Khrazz;5;Khrazz;;
Korra;5;Lady Korra, The Good;Lady;
Kyleg;5;Kyleg, Of the Wooden Ear;;
Lacey;5;Lacey;;
Lambert;5;Ser Lambert Whitewater;Ser;Whitewater
Larraq;5;Larraq, The Lash;;
Laswell;5;Laswell Peake;;Peake
Leaf;5;Leaf;;
Leathers;5;Leathers;;
Lemore;5;Septa Lemore;Septa;
Leona;5;Lady Leona Manderly (Woolfield);Lady;Manderly
Lewys;5;Lewys Lanster;;Lanster
Lomas;5;Lomas Longstrider;;Longstrider
Longwater;5;Longwater Pyke;;Pyke
Lorent;5;Ser Lorent Lorch;Ser;Lorch
Lorimas;5;Lorimas Mudd;;Mudd
Lorren;5;Lorren Longaxe;;Longaxe
Loyal Spear;5;Loyal Spear;;
Lucifer;5;Ser Lucifer Long;Ser;Long
Luke;5;Luke, Of Longtown;;
Luton;5;Luton;;
Lyanna;5;Lyanna Mormont;;Mormont
Lymond;5;Lymond Pease;;Pease
Lyra;5;Lyra Mormont;;Mormont
Lysono;5;Lysono Maar;;Maar
Maezon;5;Maezon zo Rhaezn;;zo Rhaezn
Malaquo;5;Triarch Malaquo Maegyr;Triarch;Maegyr
Malegorn;5;Ser Malegorn, Of Redpool;Ser;
Malo;5;Malo Jayn;;Jayn
Manfryd;5;Manfryd Merlyn;;Merlyn
Manly;5;Manly Stokeworth;;Stokeworth
Marghaz;5;Marghaz zo Loraq;;zo Loraq
Maris;5;Maris, Black Maris;;
Marlon;5;Ser Marlon Manderly;Ser;Manderly
Marq;5;Marq Grafton;;Grafton
Marq;5;Marq Mandrake;;Mandrake
Marselen;5;Marselen;;
Mary;5;Lady Mary Mertyns;Lady;Mertyns
Maynard;5;Ser Maynard Holt;Ser;Holt
Mazdhan;5;Mazdhan zo Loraq, The Magnificent;;zo Loraq
Medrick;5;Maester Medrick;Maester;
Meha;5;Meha;;
Mekko;5;Khal Mekko;Khal;
Melissa;5;Lady Melissa Blackwood;Lady;Blackwood
Meris;5;Meris, Pretty Meris;;
Merrel;5;Merrel;;
Methyso;5;Methyso;;
Mezzara;5;Mezzara;;
Miklaz;5;Miklaz;;
Mollono;5;Mollono Yos Dob;;Yos Dob
Moqorro;5;Moqorro;;
Morgan;5;Morgan;;
Morgan;5;Morgan Liddle, Middle Liddle;;Liddle
Morghaz;5;Morghaz zo Zherzyn, The Drunken Conqueror;;zo Zherzyn
Morgo;5;Morgo;;
Morna;5;Morna, White Mask;;
Mossador;5;Mossador;;
Motho;5;Khal Motho;Khal;
Munken;5;Grand Maester Munken;Grand Maester;
Myles;5;Myles Toyne, Blackheart;;Toyne
Myrio;5;Myrio Myrakis;;Myrakis
Myrtle;5;Myrtle;;
Nail;5;Nail;;
Narbert;5;Ser Narbert Grandison;Ser;Grandison
Ned;5;Ned Woods, Noseless Ned;;Woods
Nurse;5;Nurse;;
Nyessos;5;Triarch Nyessos Vhassar;Triarch;Vhassar
Oppo;5;Oppo;;
Ordello;5;Magister Ordello;Magister;
Ormund;5;Ser Ormund Wylde;Ser;Wylde
Orson;5;Ser Orson Stone;Ser;Stone
Osgood;5;King Osgood Arryn, The Old Falcon;King;Arryn
Othell;5;Othell;;
Paezhar;5;Paezhar zo Myraq, Little Pigeon;;zo Myraq
Parquello;5;Parquello Vaelaros;;Vaelaros
Patrek;5;Ser Patrek, Of King's Mountain;Ser;
Penny;5;Penny;;
Perkin;5;Ser Perkin Follard;Ser;Follard
Pykewood;5;Pykewood Peake;;Peake
Pynto;5;Pynto;;
Pytho;5;Pytho Malanon;;Malanon
Qarl;5;Qarl Kenning, Queer Qarl Kenning;;Kenning
Qarl;5;Qarl Quickaxe;;Quickaxe
Qarro;5;Qarro Volentin;;Volentin
Qavo;5;Qavo Nogarys;;Nogarys
Qezza;5;Qezza;;
Quenton;5;Quenton Greyjoy, Cousin of Asha;;Greyjoy
Quentyn;5;Lord Quentyn Qorgyle;Lord;Qorgyle
Raymund;5;Raymund Connington;;Connington
Renfred;5;Lord Renfred Rykker;Lord;Rykker
Reznak;5;Reznak mo Reznak;;mo Reznak
Rhodry;5;Maester Rhodry;Maester;
Richard;5;Ser Richard Morrigen;Ser;Morrigen
Rickard;5;Rickard Ryswell;;Ryswell
Rickard;5;Rickard Liddle, Little Liddle;;Liddle
Robert;5;Robert Blackwood;;Blackwood
Robert;5;Ser Robert Strong;Ser;Strong
Robin;5;Lord Robin Peasebury;Lord;Peasebury
Rodrik;5;Rodrik Sparr, The Vole;;Sparr
Roger;5;Roger Ryswell;;Ryswell
Roggon;5;Roggon Rustbeard;;Rustbeard
Rolfe;5;Rolfe, The Dwarf;;
Rolly;5;Ser Rolly Duckfield, Duck;Ser;Duckfield
Rommo;5;Rommo;;
Ronald;5;Ser Ronald Connington;Ser;Connington
Ronald;5;Ronald Storm;;Storm
Rook;5;Rook;;
Roose;5;Roose Ryswell;;Ryswell
Rory;5;Rory;;
Rowan;5;Rowan;;
Runceford;5;Lord Runceford Redwyne;Lord;Redwyne
Russ;5;Russ Barleycorn;;Barleycorn
Rusty;5;Rusty Flowers;;Flowers
Rylona;5;Rylona Rhee;;Rhee
Scales;5;Scales;;
Scar;5;Scar;;
Sebastion;5;Lord Sebastion Errol;Lord;Errol
Serra;5;Serra, Wife of Illyrio;;
Shiera;5;Shiera Seastar;;Seastar
Sigorn;5;Sigorn;;
Skahaz;5;Skahaz mo Kandaq, Shavepate;;mo Kandaq
Skinner;5;Skinner;;
Snatch;5;Snatch;;
Snowylocks;5;Snowylocks;;
Soren;5;Soren Shieldbreaker;;Shieldbreaker
Squirrel;5;Squirrel;;
Stalwart;5;Stalwart Shield;;Shield
Steelskin;5;Steelskin;;
Steffar;5;Steffar, Steffar Stammerer;;
Sweets;5;Sweets;;
Symon;5;Symon Stripeback;;Stripeback
Symon;5;Ser Symon Santagar;Ser;Santagar
Tal;5;Tal Toraq;;Toraq
Theomore;5;Maester Theomore (Lannister);Maester;
Therry;5;Therry;;
Thistle;5;Thistle;;
Tom;5;Tom Barleycorn;;Barleycorn
Tom;5;Tom Codd, Bloodless Tom;;Codd
Tom;5;Tom Tidewood;;Tidewood
Torghen;5;Lord Torghen Flint, Old Flint/The Flint;Lord;Flint
Torgon;5;Torgon Greyiron, The Latecomer;;Greyiron
Torman;5;Torman Peake;;Peake
Tormo;5;Tormo Fregar;;Fregar
Torren;5;Lord Torren Liddle, The Liddle;Lord;Liddle
Trebor;5;Lord Trebor Jordayne;Lord;Jordayne
Trianna;5;Triarch Trianna;Triarch;
Tristan;5;Ser Tristan Rivers;Ser;Rivers
Tristan;5;Ser Tristan;Ser;
Tumco;5;Tumco Lho;;Lho
Ty;5;Ty;;
Tybero;5;Tybero Istarion, Inkpots;;Istarion
Tybolt;5;Ser Tybolt Hetherspoon;Ser;Hetherspoon
Tycho;5;Tycho Nestoris;;Nestoris
Tyrion;5;Tyrion Tanner;;Tanner
Uhlan;5;Uhlan;;
Urho;5;Urho, The Unwashed;;
Urragon;5;Urragon Goodbrother;;Goodbrother
Uthor;5;Maester Uthor;Maester;
Viserys;5;Viserys Plumm;;Plumm
Vogarro;5;Vogarro;;
Walys;5;Maester Walys (Flowers);Maester;
Watkyn;5;Watkyn;;
Webber;5;Webber;;
Wick;5;Wick Whittlestick;;Whittlestick
Will;5;Will, Will of the Woods;;
Will;5;Will Short;;Short
Will;5;Will Cole;;Cole
Willam;5;Willam Wells;;Wells
William;5;William Foxglove, Will Foxglove;;Foxglove
Willow;5;Willow, Willow Witch-eye;;
Wun;5;Wun Weg Wun Dar Wun, Wun Wun;;Weg Wun Dar Wun
Wylla;5;Wylla Manderly;;Manderly
Wynafryd;5;Wynafryd Manderly;;Manderly
Yandry;5;Yandry;;
Yezzan;5;Yezzan zo Qaggaz, Yellow Whale;;zo Qaggaz
Ygon;5;Ygon Oldfather;;Oldfather
Ynys;5;Ynys Yronwood;;Yronwood
Ysilla;5;Ysilla;;
Yurkhaz;5;Yurkhaz zo Yunzak;;zo Yunzak
Zahrina;5;Zahrina;;
Zharaq;5;Zharaq zo Loraq, The Liberator;;zo Loraq
